idna_subject,checker_type,destination,source,tested_at,session_id
1.234.83.222,AVAILABILITY,domains.list,domains.list,2024-07-10 10:25:39.537033,9c6addf008766b65315c64be
102.165.53.175,AVAILABILITY,domains.list,domains.list,2024-07-10 10:25:40.094441,9c6addf008766b65315c64be
103.135.35.230,AVAILABILITY,domains.list,domains.list,2024-07-10 10:25:41.537638,9c6addf008766b65315c64be
103.230.63.50,AVAILABILITY,domains.list,domains.list,2024-07-10 10:25:45.192845,9c6addf008766b65315c64be
103.85.255.40,AVAILABILITY,domains.list,domains.list,2024-07-10 10:25:47.950008,9c6addf008766b65315c64be
104.156.230.245,AVAILABILITY,domains.list,domains.list,2024-07-10 10:25:48.869412,9c6addf008766b65315c64be
104.168.159.133,AVAILABILITY,domains.list,domains.list,2024-07-10 10:25:49.087423,9c6addf008766b65315c64be
104.168.215.181,AVAILABILITY,domains.list,domains.list,2024-07-10 10:25:49.213459,9c6addf008766b65315c64be
104.197.20.240,AVAILABILITY,domains.list,domains.list,2024-07-10 10:25:49.379613,9c6addf008766b65315c64be
104.200.134.250,AVAILABILITY,domains.list,domains.list,2024-07-10 10:25:49.691983,9c6addf008766b65315c64be
104.248.131.112,AVAILABILITY,domains.list,domains.list,2024-07-10 10:25:51.113059,9c6addf008766b65315c64be
106.51.127.128,AVAILABILITY,domains.list,domains.list,2024-07-10 10:25:55.504193,9c6addf008766b65315c64be
106.75.93.214,AVAILABILITY,domains.list,domains.list,2024-07-10 10:25:56.389898,9c6addf008766b65315c64be
107.170.20.63,AVAILABILITY,domains.list,domains.list,2024-07-10 10:25:56.532773,9c6addf008766b65315c64be
107.170.91.99,AVAILABILITY,domains.list,domains.list,2024-07-10 10:25:56.677371,9c6addf008766b65315c64be
107.23.89.231,AVAILABILITY,domains.list,domains.list,2024-07-10 10:25:56.790321,9c6addf008766b65315c64be
109.104.88.43,AVAILABILITY,domains.list,domains.list,2024-07-10 10:25:57.146463,9c6addf008766b65315c64be
109.194.19.243,AVAILABILITY,domains.list,domains.list,2024-07-10 10:25:57.974435,9c6addf008766b65315c64be
114.32.120.181,AVAILABILITY,domains.list,domains.list,2024-07-10 10:25:59.856696,9c6addf008766b65315c64be
116.106.18.237,AVAILABILITY,domains.list,domains.list,2024-07-10 10:26:01.433625,9c6addf008766b65315c64be
118.168.206.57,AVAILABILITY,domains.list,domains.list,2024-07-10 10:26:03.103995,9c6addf008766b65315c64be
118.212.143.43,AVAILABILITY,domains.list,domains.list,2024-07-10 10:26:04.273059,9c6addf008766b65315c64be
118.27.24.45,AVAILABILITY,domains.list,domains.list,2024-07-10 10:26:05.109276,9c6addf008766b65315c64be
119.81.108.146,AVAILABILITY,domains.list,domains.list,2024-07-10 10:26:06.456109,9c6addf008766b65315c64be
121.58.255.67,AVAILABILITY,domains.list,domains.list,2024-07-10 10:26:07.539446,9c6addf008766b65315c64be
121.66.24.67,AVAILABILITY,domains.list,domains.list,2024-07-10 10:26:09.796958,9c6addf008766b65315c64be
122.112.246.91,AVAILABILITY,domains.list,domains.list,2024-07-10 10:26:10.336518,9c6addf008766b65315c64be
123.249.79.214,AVAILABILITY,domains.list,domains.list,2024-07-10 10:26:12.445146,9c6addf008766b65315c64be
124.95.129.105,AVAILABILITY,domains.list,domains.list,2024-07-10 10:26:14.757822,9c6addf008766b65315c64be
125.22.36.42,AVAILABILITY,domains.list,domains.list,2024-07-10 10:26:15.693785,9c6addf008766b65315c64be
128.0.120.105,AVAILABILITY,domains.list,domains.list,2024-07-10 10:26:16.368927,9c6addf008766b65315c64be
128.0.121.163,AVAILABILITY,domains.list,domains.list,2024-07-10 10:26:16.875007,9c6addf008766b65315c64be
128.0.121.171,AVAILABILITY,domains.list,domains.list,2024-07-10 10:26:17.336003,9c6addf008766b65315c64be
128.0.121.217,AVAILABILITY,domains.list,domains.list,2024-07-10 10:26:17.932606,9c6addf008766b65315c64be
128.199.168.156,AVAILABILITY,domains.list,domains.list,2024-07-10 10:26:18.842483,9c6addf008766b65315c64be
128.199.212.120,AVAILABILITY,domains.list,domains.list,2024-07-10 10:26:19.002060,9c6addf008766b65315c64be
128.199.213.187,AVAILABILITY,domains.list,domains.list,2024-07-10 10:26:19.715445,9c6addf008766b65315c64be
13.91.110.135,AVAILABILITY,domains.list,domains.list,2024-07-10 10:26:20.774049,9c6addf008766b65315c64be
132.148.21.101,AVAILABILITY,domains.list,domains.list,2024-07-10 10:26:20.991796,9c6addf008766b65315c64be
134.122.91.96,AVAILABILITY,domains.list,domains.list,2024-07-10 10:26:21.611913,9c6addf008766b65315c64be
137.226.113.12,AVAILABILITY,domains.list,domains.list,2024-07-10 10:26:22.235738,9c6addf008766b65315c64be
137.226.113.26,AVAILABILITY,domains.list,domains.list,2024-07-10 10:26:22.553598,9c6addf008766b65315c64be
137.74.131.19,AVAILABILITY,domains.list,domains.list,2024-07-10 10:26:22.750861,9c6addf008766b65315c64be
137.74.131.30,AVAILABILITY,domains.list,domains.list,2024-07-10 10:26:23.071681,9c6addf008766b65315c64be
137.74.175.67,AVAILABILITY,domains.list,domains.list,2024-07-10 10:26:23.275715,9c6addf008766b65315c64be
137.74.202.165,AVAILABILITY,domains.list,domains.list,2024-07-10 10:26:23.479898,9c6addf008766b65315c64be
137.74.47.60,AVAILABILITY,domains.list,domains.list,2024-07-10 10:26:23.989190,9c6addf008766b65315c64be
138.68.238.4,AVAILABILITY,domains.list,domains.list,2024-07-10 10:26:24.533773,9c6addf008766b65315c64be
138.68.57.194,AVAILABILITY,domains.list,domains.list,2024-07-10 10:26:25.116196,9c6addf008766b65315c64be
139.130.172.49,AVAILABILITY,domains.list,domains.list,2024-07-10 10:26:25.881686,9c6addf008766b65315c64be
139.162.75.112,AVAILABILITY,domains.list,domains.list,2024-07-10 10:26:26.022754,9c6addf008766b65315c64be
139.59.167.38,AVAILABILITY,domains.list,domains.list,2024-07-10 10:26:26.741875,9c6addf008766b65315c64be
139.59.249.0,AVAILABILITY,domains.list,domains.list,2024-07-10 10:26:27.726932,9c6addf008766b65315c64be
139.59.83.175,AVAILABILITY,domains.list,domains.list,2024-07-10 10:26:28.700252,9c6addf008766b65315c64be
139.59.91.139,AVAILABILITY,domains.list,domains.list,2024-07-10 10:26:29.380031,9c6addf008766b65315c64be
139.99.130.143,AVAILABILITY,domains.list,domains.list,2024-07-10 10:26:29.509135,9c6addf008766b65315c64be
139.99.99.145,AVAILABILITY,domains.list,domains.list,2024-07-10 10:26:29.659977,9c6addf008766b65315c64be
14.234.6.102,AVAILABILITY,domains.list,domains.list,2024-07-10 10:26:40.321244,9c6addf008766b65315c64be
142.11.213.9,AVAILABILITY,domains.list,domains.list,2024-07-10 10:26:41.395616,9c6addf008766b65315c64be
142.11.243.56,AVAILABILITY,domains.list,domains.list,2024-07-10 10:26:41.751259,9c6addf008766b65315c64be
142.4.213.48,AVAILABILITY,domains.list,domains.list,2024-07-10 10:26:42.034494,9c6addf008766b65315c64be
144.217.65.92,AVAILABILITY,domains.list,domains.list,2024-07-10 10:26:42.373723,9c6addf008766b65315c64be
144.217.7.155,AVAILABILITY,domains.list,domains.list,2024-07-10 10:26:42.713877,9c6addf008766b65315c64be
144.217.85.183,AVAILABILITY,domains.list,domains.list,2024-07-10 10:26:42.865640,9c6addf008766b65315c64be
145.131.230.79,AVAILABILITY,domains.list,domains.list,2024-07-10 10:26:43.210821,9c6addf008766b65315c64be
145.239.0.239,AVAILABILITY,domains.list,domains.list,2024-07-10 10:26:43.411069,9c6addf008766b65315c64be
145.239.130.49,AVAILABILITY,domains.list,domains.list,2024-07-10 10:26:43.718456,9c6addf008766b65315c64be
145.239.17.121,AVAILABILITY,domains.list,domains.list,2024-07-10 10:26:44.281504,9c6addf008766b65315c64be
145.239.230.16,AVAILABILITY,domains.list,domains.list,2024-07-10 10:26:44.998672,9c6addf008766b65315c64be
145.239.86.220,AVAILABILITY,domains.list,domains.list,2024-07-10 10:26:45.199752,9c6addf008766b65315c64be
145.239.89.89,AVAILABILITY,domains.list,domains.list,2024-07-10 10:26:45.507762,9c6addf008766b65315c64be
145.239.90.16,AVAILABILITY,domains.list,domains.list,2024-07-10 10:26:46.037746,9c6addf008766b65315c64be
145.239.93.12,AVAILABILITY,domains.list,domains.list,2024-07-10 10:26:46.238287,9c6addf008766b65315c64be
147.213.113.76,AVAILABILITY,domains.list,domains.list,2024-07-10 10:26:47.815448,9c6addf008766b65315c64be
148.0.108.121,AVAILABILITY,domains.list,domains.list,2024-07-10 10:26:48.222632,9c6addf008766b65315c64be
148.251.124.5,AVAILABILITY,domains.list,domains.list,2024-07-10 10:26:48.483138,9c6addf008766b65315c64be
148.71.182.71,AVAILABILITY,domains.list,domains.list,2024-07-10 10:26:49.310102,9c6addf008766b65315c64be
149.202.126.72,AVAILABILITY,domains.list,domains.list,2024-07-10 10:26:49.509168,9c6addf008766b65315c64be
149.202.193.186,AVAILABILITY,domains.list,domains.list,2024-07-10 10:26:50.173848,9c6addf008766b65315c64be
149.202.25.57,AVAILABILITY,domains.list,domains.list,2024-07-10 10:26:50.473995,9c6addf008766b65315c64be
149.202.86.215,AVAILABILITY,domains.list,domains.list,2024-07-10 10:26:50.678939,9c6addf008766b65315c64be
149.56.100.153,AVAILABILITY,domains.list,domains.list,2024-07-10 10:26:50.808753,9c6addf008766b65315c64be
149.56.106.45,AVAILABILITY,domains.list,domains.list,2024-07-10 10:26:50.948904,9c6addf008766b65315c64be
149.56.132.134,AVAILABILITY,domains.list,domains.list,2024-07-10 10:26:51.275683,9c6addf008766b65315c64be
149.56.86.166,AVAILABILITY,domains.list,domains.list,2024-07-10 10:26:51.525743,9c6addf008766b65315c64be
151.1.140.217,AVAILABILITY,domains.list,domains.list,2024-07-10 10:26:51.964464,9c6addf008766b65315c64be
151.80.132.215,AVAILABILITY,domains.list,domains.list,2024-07-10 10:26:52.167665,9c6addf008766b65315c64be
151.80.152.189,AVAILABILITY,domains.list,domains.list,2024-07-10 10:26:52.462069,9c6addf008766b65315c64be
151.80.232.83,AVAILABILITY,domains.list,domains.list,2024-07-10 10:26:52.862711,9c6addf008766b65315c64be
151.80.37.219,AVAILABILITY,domains.list,domains.list,2024-07-10 10:26:53.166285,9c6addf008766b65315c64be
151.80.38.149,AVAILABILITY,domains.list,domains.list,2024-07-10 10:26:53.368221,9c6addf008766b65315c64be
151.80.47.186,AVAILABILITY,domains.list,domains.list,2024-07-10 10:26:53.582813,9c6addf008766b65315c64be
153.122.4.222,AVAILABILITY,domains.list,domains.list,2024-07-10 10:26:54.608035,9c6addf008766b65315c64be
153.126.164.113,AVAILABILITY,domains.list,domains.list,2024-07-10 10:26:55.036161,9c6addf008766b65315c64be
153.149.141.166,AVAILABILITY,domains.list,domains.list,2024-07-10 10:26:55.457065,9c6addf008766b65315c64be
155.133.27.150,AVAILABILITY,domains.list,domains.list,2024-07-10 10:26:55.873510,9c6addf008766b65315c64be
156.38.147.110,AVAILABILITY,domains.list,domains.list,2024-07-10 10:26:56.690634,9c6addf008766b65315c64be
156.38.214.154,AVAILABILITY,domains.list,domains.list,2024-07-10 10:26:57.053693,9c6addf008766b65315c64be
156.38.223.174,AVAILABILITY,domains.list,domains.list,2024-07-10 10:26:57.489623,9c6addf008766b65315c64be
157.119.73.60,AVAILABILITY,domains.list,domains.list,2024-07-10 10:26:59.096142,9c6addf008766b65315c64be
158.69.123.25,AVAILABILITY,domains.list,domains.list,2024-07-10 10:26:59.526475,9c6addf008766b65315c64be
158.69.202.201,AVAILABILITY,domains.list,domains.list,2024-07-10 10:26:59.678346,9c6addf008766b65315c64be
158.69.23.53,AVAILABILITY,domains.list,domains.list,2024-07-10 10:26:59.798826,9c6addf008766b65315c64be
158.85.204.249,AVAILABILITY,domains.list,domains.list,2024-07-10 10:26:59.935713,9c6addf008766b65315c64be
159.203.100.52,AVAILABILITY,domains.list,domains.list,2024-07-10 10:27:00.319923,9c6addf008766b65315c64be
159.203.101.0,AVAILABILITY,domains.list,domains.list,2024-07-10 10:27:00.469743,9c6addf008766b65315c64be
159.203.116.244,AVAILABILITY,domains.list,domains.list,2024-07-10 10:27:00.755285,9c6addf008766b65315c64be
159.203.74.187,AVAILABILITY,domains.list,domains.list,2024-07-10 10:27:01.661526,9c6addf008766b65315c64be
159.65.164.221,AVAILABILITY,domains.list,domains.list,2024-07-10 10:27:02.433683,9c6addf008766b65315c64be
159.65.167.140,AVAILABILITY,domains.list,domains.list,2024-07-10 10:27:02.646912,9c6addf008766b65315c64be
159.65.184.238,AVAILABILITY,domains.list,domains.list,2024-07-10 10:27:03.293357,9c6addf008766b65315c64be
159.69.81.18,AVAILABILITY,domains.list,domains.list,2024-07-10 10:27:03.629416,9c6addf008766b65315c64be
159.89.175.92,AVAILABILITY,domains.list,domains.list,2024-07-10 10:27:05.752451,9c6addf008766b65315c64be
159.89.51.68,AVAILABILITY,domains.list,domains.list,2024-07-10 10:27:06.349576,9c6addf008766b65315c64be
162.144.87.33,AVAILABILITY,domains.list,domains.list,2024-07-10 10:27:06.763291,9c6addf008766b65315c64be
162.209.103.146,AVAILABILITY,domains.list,domains.list,2024-07-10 10:27:07.043878,9c6addf008766b65315c64be
162.210.103.162,AVAILABILITY,domains.list,domains.list,2024-07-10 10:27:07.162318,9c6addf008766b65315c64be
162.241.47.204,AVAILABILITY,domains.list,domains.list,2024-07-10 10:27:07.331455,9c6addf008766b65315c64be
163.172.146.17,AVAILABILITY,domains.list,domains.list,2024-07-10 10:27:07.968788,9c6addf008766b65315c64be
163.172.148.154,AVAILABILITY,domains.list,domains.list,2024-07-10 10:27:08.799231,9c6addf008766b65315c64be
163.172.161.181,AVAILABILITY,domains.list,domains.list,2024-07-10 10:27:09.185658,9c6addf008766b65315c64be
163.172.38.211,AVAILABILITY,domains.list,domains.list,2024-07-10 10:27:09.573909,9c6addf008766b65315c64be
163.172.59.107,AVAILABILITY,domains.list,domains.list,2024-07-10 10:27:09.952714,9c6addf008766b65315c64be
163.172.86.176,AVAILABILITY,domains.list,domains.list,2024-07-10 10:27:10.328875,9c6addf008766b65315c64be
163.195.192.12,AVAILABILITY,domains.list,domains.list,2024-07-10 10:27:10.954790,9c6addf008766b65315c64be
164.132.111.178,AVAILABILITY,domains.list,domains.list,2024-07-10 10:27:11.343567,9c6addf008766b65315c64be
164.132.196.164,AVAILABILITY,domains.list,domains.list,2024-07-10 10:27:11.916494,9c6addf008766b65315c64be
164.132.224.157,AVAILABILITY,domains.list,domains.list,2024-07-10 10:27:12.714937,9c6addf008766b65315c64be
164.132.225.151,AVAILABILITY,domains.list,domains.list,2024-07-10 10:27:13.018262,9c6addf008766b65315c64be
164.132.48.41,AVAILABILITY,domains.list,domains.list,2024-07-10 10:27:13.217209,9c6addf008766b65315c64be
164.132.49.78,AVAILABILITY,domains.list,domains.list,2024-07-10 10:27:13.420670,9c6addf008766b65315c64be
164.132.58.33,AVAILABILITY,domains.list,domains.list,2024-07-10 10:27:13.677779,9c6addf008766b65315c64be
164.132.58.90,AVAILABILITY,domains.list,domains.list,2024-07-10 10:27:13.929534,9c6addf008766b65315c64be
164.132.74.224,AVAILABILITY,domains.list,domains.list,2024-07-10 10:27:14.425705,9c6addf008766b65315c64be
164.132.98.35,AVAILABILITY,domains.list,domains.list,2024-07-10 10:27:14.918104,9c6addf008766b65315c64be
165.22.88.10,AVAILABILITY,domains.list,domains.list,2024-07-10 10:27:16.650751,9c6addf008766b65315c64be
165.227.109.151,AVAILABILITY,domains.list,domains.list,2024-07-10 10:27:16.997117,9c6addf008766b65315c64be
165.227.20.176,AVAILABILITY,domains.list,domains.list,2024-07-10 10:27:17.354333,9c6addf008766b65315c64be
165.227.62.195,AVAILABILITY,domains.list,domains.list,2024-07-10 10:27:18.287214,9c6addf008766b65315c64be
165.84.191.236,AVAILABILITY,domains.list,domains.list,2024-07-10 10:27:18.733420,9c6addf008766b65315c64be
167.114.249.132,AVAILABILITY,domains.list,domains.list,2024-07-10 10:27:19.059260,9c6addf008766b65315c64be
167.114.249.225,AVAILABILITY,domains.list,domains.list,2024-07-10 10:27:19.397414,9c6addf008766b65315c64be
167.86.107.125,AVAILABILITY,domains.list,domains.list,2024-07-10 10:27:19.883239,9c6addf008766b65315c64be
167.86.108.229,AVAILABILITY,domains.list,domains.list,2024-07-10 10:27:20.372990,9c6addf008766b65315c64be
167.99.154.189,AVAILABILITY,domains.list,domains.list,2024-07-10 10:27:20.506440,9c6addf008766b65315c64be
167.99.5.83,AVAILABILITY,domains.list,domains.list,2024-07-10 10:27:21.126385,9c6addf008766b65315c64be
168.196.132.27,AVAILABILITY,domains.list,domains.list,2024-07-10 10:27:21.373686,9c6addf008766b65315c64be
169.56.88.250,AVAILABILITY,domains.list,domains.list,2024-07-10 10:27:21.911345,9c6addf008766b65315c64be
171.240.196.80,AVAILABILITY,domains.list,domains.list,2024-07-10 10:27:23.403554,9c6addf008766b65315c64be
171.240.203.84,AVAILABILITY,domains.list,domains.list,2024-07-10 10:27:24.310960,9c6addf008766b65315c64be
171.251.22.179,AVAILABILITY,domains.list,domains.list,2024-07-10 10:27:25.520511,9c6addf008766b65315c64be
171.251.29.248,AVAILABILITY,domains.list,domains.list,2024-07-10 10:27:26.312997,9c6addf008766b65315c64be
171.254.227.12,AVAILABILITY,domains.list,domains.list,2024-07-10 10:27:26.929672,9c6addf008766b65315c64be
172.104.108.109,AVAILABILITY,domains.list,domains.list,2024-07-10 10:27:27.183008,9c6addf008766b65315c64be
172.81.88.1,AVAILABILITY,domains.list,domains.list,2024-07-10 10:27:27.287199,9c6addf008766b65315c64be
173.196.177.69,AVAILABILITY,domains.list,domains.list,2024-07-10 10:27:27.442572,9c6addf008766b65315c64be
173.212.222.48,AVAILABILITY,domains.list,domains.list,2024-07-10 10:27:27.662490,9c6addf008766b65315c64be
173.212.251.56,AVAILABILITY,domains.list,domains.list,2024-07-10 10:27:27.874112,9c6addf008766b65315c64be
173.244.44.56,AVAILABILITY,domains.list,domains.list,2024-07-10 10:27:28.117473,9c6addf008766b65315c64be
173.249.144.251,AVAILABILITY,domains.list,domains.list,2024-07-10 10:27:28.222007,9c6addf008766b65315c64be
173.249.19.57,AVAILABILITY,domains.list,domains.list,2024-07-10 10:27:28.431592,9c6addf008766b65315c64be
173.249.50.165,AVAILABILITY,domains.list,domains.list,2024-07-10 10:27:28.793823,9c6addf008766b65315c64be
173.82.173.83,AVAILABILITY,domains.list,domains.list,2024-07-10 10:27:29.003836,9c6addf008766b65315c64be
173.82.232.98,AVAILABILITY,domains.list,domains.list,2024-07-10 10:27:29.228599,9c6addf008766b65315c64be
175.184.233.107,AVAILABILITY,domains.list,domains.list,2024-07-10 10:27:30.224627,9c6addf008766b65315c64be
176.31.102.207,AVAILABILITY,domains.list,domains.list,2024-07-10 10:27:30.618700,9c6addf008766b65315c64be
176.31.122.135,AVAILABILITY,domains.list,domains.list,2024-07-10 10:27:30.823052,9c6addf008766b65315c64be
176.31.253.41,AVAILABILITY,domains.list,domains.list,2024-07-10 10:27:31.071447,9c6addf008766b65315c64be
176.31.45.49,AVAILABILITY,domains.list,domains.list,2024-07-10 10:27:31.363740,9c6addf008766b65315c64be
177.220.252.122,AVAILABILITY,domains.list,domains.list,2024-07-10 10:27:31.941920,9c6addf008766b65315c64be
177.38.185.103,AVAILABILITY,domains.list,domains.list,2024-07-10 10:27:32.423423,9c6addf008766b65315c64be
177.73.136.228,AVAILABILITY,domains.list,domains.list,2024-07-10 10:27:33.182271,9c6addf008766b65315c64be
177.81.26.244,AVAILABILITY,domains.list,domains.list,2024-07-10 10:27:33.880207,9c6addf008766b65315c64be
178.128.245.109,AVAILABILITY,domains.list,domains.list,2024-07-10 10:27:34.383344,9c6addf008766b65315c64be
178.128.97.71,AVAILABILITY,domains.list,domains.list,2024-07-10 10:27:35.096223,9c6addf008766b65315c64be
178.128.98.86,AVAILABILITY,domains.list,domains.list,2024-07-10 10:27:35.826011,9c6addf008766b65315c64be
178.137.93.108,AVAILABILITY,domains.list,domains.list,2024-07-10 10:27:36.376086,9c6addf008766b65315c64be
178.238.230.171,AVAILABILITY,domains.list,domains.list,2024-07-10 10:27:36.768319,9c6addf008766b65315c64be
178.238.230.48,AVAILABILITY,domains.list,domains.list,2024-07-10 10:27:37.087582,9c6addf008766b65315c64be
178.239.168.18,AVAILABILITY,domains.list,domains.list,2024-07-10 10:27:37.284058,9c6addf008766b65315c64be
178.254.21.252,AVAILABILITY,domains.list,domains.list,2024-07-10 10:27:37.630057,9c6addf008766b65315c64be
178.32.117.75,AVAILABILITY,domains.list,domains.list,2024-07-10 10:27:38.022794,9c6addf008766b65315c64be
178.32.243.118,AVAILABILITY,domains.list,domains.list,2024-07-10 10:27:38.229081,9c6addf008766b65315c64be
178.32.98.31,AVAILABILITY,domains.list,domains.list,2024-07-10 10:27:38.440638,9c6addf008766b65315c64be
178.33.228.67,AVAILABILITY,domains.list,domains.list,2024-07-10 10:27:38.644026,9c6addf008766b65315c64be
178.62.192.218,AVAILABILITY,domains.list,domains.list,2024-07-10 10:27:40.953547,9c6addf008766b65315c64be
178.62.254.48,AVAILABILITY,domains.list,domains.list,2024-07-10 10:27:41.462675,9c6addf008766b65315c64be
178.63.27.46,AVAILABILITY,domains.list,domains.list,2024-07-10 10:27:41.669336,9c6addf008766b65315c64be
178.63.68.76,AVAILABILITY,domains.list,domains.list,2024-07-10 10:27:42.083154,9c6addf008766b65315c64be
179.108.38.59,AVAILABILITY,domains.list,domains.list,2024-07-10 10:27:42.527905,9c6addf008766b65315c64be
18.232.149.145,AVAILABILITY,domains.list,domains.list,2024-07-10 10:27:42.658879,9c6addf008766b65315c64be
182.76.205.94,AVAILABILITY,domains.list,domains.list,2024-07-10 10:27:45.067181,9c6addf008766b65315c64be
185.100.87.191,AVAILABILITY,domains.list,domains.list,2024-07-10 10:27:47.301165,9c6addf008766b65315c64be
185.100.87.245,AVAILABILITY,domains.list,domains.list,2024-07-10 10:27:47.670218,9c6addf008766b65315c64be
185.100.87.250,AVAILABILITY,domains.list,domains.list,2024-07-10 10:27:48.100495,9c6addf008766b65315c64be
185.110.173.158,AVAILABILITY,domains.list,domains.list,2024-07-10 10:27:48.919996,9c6addf008766b65315c64be
185.128.40.182,AVAILABILITY,domains.list,domains.list,2024-07-10 10:27:49.448684,9c6addf008766b65315c64be
185.143.223.160,AVAILABILITY,domains.list,domains.list,2024-07-10 10:27:50.210652,9c6addf008766b65315c64be
185.143.223.161,AVAILABILITY,domains.list,domains.list,2024-07-10 10:27:50.638118,9c6addf008766b65315c64be
185.143.223.163,AVAILABILITY,domains.list,domains.list,2024-07-10 10:27:50.958350,9c6addf008766b65315c64be
185.143.223.164,AVAILABILITY,domains.list,domains.list,2024-07-10 10:27:51.159459,9c6addf008766b65315c64be
185.143.223.166,AVAILABILITY,domains.list,domains.list,2024-07-10 10:27:51.604826,9c6addf008766b65315c64be
185.143.223.168,AVAILABILITY,domains.list,domains.list,2024-07-10 10:27:51.908657,9c6addf008766b65315c64be
185.143.223.170,AVAILABILITY,domains.list,domains.list,2024-07-10 10:27:52.453057,9c6addf008766b65315c64be
185.143.223.171,AVAILABILITY,domains.list,domains.list,2024-07-10 10:27:52.649364,9c6addf008766b65315c64be
185.143.223.173,AVAILABILITY,domains.list,domains.list,2024-07-10 10:27:52.932669,9c6addf008766b65315c64be
185.143.252.100,AVAILABILITY,domains.list,domains.list,2024-07-10 10:27:53.450329,9c6addf008766b65315c64be
185.189.183.124,AVAILABILITY,domains.list,domains.list,2024-07-10 10:27:54.175792,9c6addf008766b65315c64be
185.2.103.165,AVAILABILITY,domains.list,domains.list,2024-07-10 10:27:54.615649,9c6addf008766b65315c64be
185.222.58.117,AVAILABILITY,domains.list,domains.list,2024-07-10 10:27:56.168331,9c6addf008766b65315c64be
185.28.61.26,AVAILABILITY,domains.list,domains.list,2024-07-10 10:28:02.117253,9c6addf008766b65315c64be
185.31.162.123,AVAILABILITY,domains.list,domains.list,2024-07-10 10:28:02.494731,9c6addf008766b65315c64be
185.50.149.10,AVAILABILITY,domains.list,domains.list,2024-07-10 10:28:03.328892,9c6addf008766b65315c64be
185.50.149.11,AVAILABILITY,domains.list,domains.list,2024-07-10 10:28:05.076224,9c6addf008766b65315c64be
185.50.149.12,AVAILABILITY,domains.list,domains.list,2024-07-10 10:28:05.312838,9c6addf008766b65315c64be
185.50.149.13,AVAILABILITY,domains.list,domains.list,2024-07-10 10:28:05.890939,9c6addf008766b65315c64be
185.50.149.14,AVAILABILITY,domains.list,domains.list,2024-07-10 10:28:11.267428,9c6addf008766b65315c64be
185.50.149.15,AVAILABILITY,domains.list,domains.list,2024-07-10 10:28:11.506086,9c6addf008766b65315c64be
185.50.149.17,AVAILABILITY,domains.list,domains.list,2024-07-10 10:28:11.741943,9c6addf008766b65315c64be
185.50.149.18,AVAILABILITY,domains.list,domains.list,2024-07-10 10:28:12.266009,9c6addf008766b65315c64be
185.50.149.2,AVAILABILITY,domains.list,domains.list,2024-07-10 10:28:16.785905,9c6addf008766b65315c64be
185.50.149.25,AVAILABILITY,domains.list,domains.list,2024-07-10 10:28:17.023652,9c6addf008766b65315c64be
185.50.149.26,AVAILABILITY,domains.list,domains.list,2024-07-10 10:28:17.424224,9c6addf008766b65315c64be
185.50.149.3,AVAILABILITY,domains.list,domains.list,2024-07-10 10:28:17.795361,9c6addf008766b65315c64be
185.50.149.32,AVAILABILITY,domains.list,domains.list,2024-07-10 10:28:21.605945,9c6addf008766b65315c64be
185.50.149.7,AVAILABILITY,domains.list,domains.list,2024-07-10 10:28:21.976616,9c6addf008766b65315c64be
185.50.149.8,AVAILABILITY,domains.list,domains.list,2024-07-10 10:28:24.176923,9c6addf008766b65315c64be
185.50.149.9,AVAILABILITY,domains.list,domains.list,2024-07-10 10:28:24.546244,9c6addf008766b65315c64be
185.75.47.13,AVAILABILITY,domains.list,domains.list,2024-07-10 10:28:24.793009,9c6addf008766b65315c64be
185.8.212.35,AVAILABILITY,domains.list,domains.list,2024-07-10 10:28:25.393738,9c6addf008766b65315c64be
186.52.198.142,AVAILABILITY,domains.list,domains.list,2024-07-10 10:28:25.928657,9c6addf008766b65315c64be
187.121.162.238,AVAILABILITY,domains.list,domains.list,2024-07-10 10:28:26.542175,9c6addf008766b65315c64be
187.157.22.131,AVAILABILITY,domains.list,domains.list,2024-07-10 10:28:28.313662,9c6addf008766b65315c64be
187.217.190.121,AVAILABILITY,domains.list,domains.list,2024-07-10 10:28:31.654107,9c6addf008766b65315c64be
187.32.53.122,AVAILABILITY,domains.list,domains.list,2024-07-10 10:28:31.911217,9c6addf008766b65315c64be
187.45.120.58,AVAILABILITY,domains.list,domains.list,2024-07-10 10:28:32.374342,9c6addf008766b65315c64be
188.132.135.28,AVAILABILITY,domains.list,domains.list,2024-07-10 10:28:33.153616,9c6addf008766b65315c64be
188.165.197.221,AVAILABILITY,domains.list,domains.list,2024-07-10 10:28:33.355934,9c6addf008766b65315c64be
188.165.209.216,AVAILABILITY,domains.list,domains.list,2024-07-10 10:28:33.656589,9c6addf008766b65315c64be
188.165.215.143,AVAILABILITY,domains.list,domains.list,2024-07-10 10:28:33.860157,9c6addf008766b65315c64be
188.165.254.127,AVAILABILITY,domains.list,domains.list,2024-07-10 10:28:34.069543,9c6addf008766b65315c64be
188.165.254.65,AVAILABILITY,domains.list,domains.list,2024-07-10 10:28:34.271291,9c6addf008766b65315c64be
188.165.32.74,AVAILABILITY,domains.list,domains.list,2024-07-10 10:28:34.468486,9c6addf008766b65315c64be
188.166.163.251,AVAILABILITY,domains.list,domains.list,2024-07-10 10:28:35.186749,9c6addf008766b65315c64be
188.166.38.103,AVAILABILITY,domains.list,domains.list,2024-07-10 10:28:35.811587,9c6addf008766b65315c64be
188.166.62.12,AVAILABILITY,domains.list,domains.list,2024-07-10 10:28:36.961515,9c6addf008766b65315c64be
189.102.100.154,AVAILABILITY,domains.list,domains.list,2024-07-10 10:28:37.869936,9c6addf008766b65315c64be
189.254.33.157,AVAILABILITY,domains.list,domains.list,2024-07-10 10:28:38.172947,9c6addf008766b65315c64be
192.163.240.55,AVAILABILITY,domains.list,domains.list,2024-07-10 10:28:38.646692,9c6addf008766b65315c64be
192.169.155.230,AVAILABILITY,domains.list,domains.list,2024-07-10 10:28:39.062138,9c6addf008766b65315c64be
192.241.136.24,AVAILABILITY,domains.list,domains.list,2024-07-10 10:28:39.378817,9c6addf008766b65315c64be
192.241.246.120,AVAILABILITY,domains.list,domains.list,2024-07-10 10:28:39.667348,9c6addf008766b65315c64be
192.34.58.215,AVAILABILITY,domains.list,domains.list,2024-07-10 10:28:40.412799,9c6addf008766b65315c64be
192.99.1.38,AVAILABILITY,domains.list,domains.list,2024-07-10 10:28:40.574617,9c6addf008766b65315c64be
192.99.244.120,AVAILABILITY,domains.list,domains.list,2024-07-10 10:28:40.728393,9c6addf008766b65315c64be
192.99.56.103,AVAILABILITY,domains.list,domains.list,2024-07-10 10:28:40.865088,9c6addf008766b65315c64be
192.99.71.15,AVAILABILITY,domains.list,domains.list,2024-07-10 10:28:41.001840,9c6addf008766b65315c64be
193.142.59.103,AVAILABILITY,domains.list,domains.list,2024-07-10 10:28:42.832751,9c6addf008766b65315c64be
193.142.59.19,AVAILABILITY,domains.list,domains.list,2024-07-10 10:28:44.094442,9c6addf008766b65315c64be
193.253.60.124,AVAILABILITY,domains.list,domains.list,2024-07-10 10:28:47.745360,9c6addf008766b65315c64be
193.32.160.135,AVAILABILITY,domains.list,domains.list,2024-07-10 10:28:48.127460,9c6addf008766b65315c64be
193.32.160.136,AVAILABILITY,domains.list,domains.list,2024-07-10 10:28:48.661126,9c6addf008766b65315c64be
193.32.160.137,AVAILABILITY,domains.list,domains.list,2024-07-10 10:28:49.193318,9c6addf008766b65315c64be
193.32.160.138,AVAILABILITY,domains.list,domains.list,2024-07-10 10:28:49.721285,9c6addf008766b65315c64be
193.32.160.139,AVAILABILITY,domains.list,domains.list,2024-07-10 10:28:50.075165,9c6addf008766b65315c64be
193.32.160.140,AVAILABILITY,domains.list,domains.list,2024-07-10 10:28:50.302837,9c6addf008766b65315c64be
193.32.160.141,AVAILABILITY,domains.list,domains.list,2024-07-10 10:28:50.531175,9c6addf008766b65315c64be
193.32.160.142,AVAILABILITY,domains.list,domains.list,2024-07-10 10:28:50.757419,9c6addf008766b65315c64be
193.32.160.143,AVAILABILITY,domains.list,domains.list,2024-07-10 10:28:51.273167,9c6addf008766b65315c64be
193.32.160.144,AVAILABILITY,domains.list,domains.list,2024-07-10 10:28:51.623065,9c6addf008766b65315c64be
193.32.160.145,AVAILABILITY,domains.list,domains.list,2024-07-10 10:28:51.850039,9c6addf008766b65315c64be
193.32.160.146,AVAILABILITY,domains.list,domains.list,2024-07-10 10:28:52.077112,9c6addf008766b65315c64be
193.32.160.147,AVAILABILITY,domains.list,domains.list,2024-07-10 10:28:52.304403,9c6addf008766b65315c64be
193.32.160.148,AVAILABILITY,domains.list,domains.list,2024-07-10 10:28:52.567896,9c6addf008766b65315c64be
193.32.160.149,AVAILABILITY,domains.list,domains.list,2024-07-10 10:28:53.133886,9c6addf008766b65315c64be
193.32.160.150,AVAILABILITY,domains.list,domains.list,2024-07-10 10:28:53.669414,9c6addf008766b65315c64be
193.32.160.151,AVAILABILITY,domains.list,domains.list,2024-07-10 10:28:54.251478,9c6addf008766b65315c64be
193.32.160.152,AVAILABILITY,domains.list,domains.list,2024-07-10 10:28:54.602392,9c6addf008766b65315c64be
193.32.160.153,AVAILABILITY,domains.list,domains.list,2024-07-10 10:28:54.952844,9c6addf008766b65315c64be
193.32.160.154,AVAILABILITY,domains.list,domains.list,2024-07-10 10:28:55.180040,9c6addf008766b65315c64be
193.32.160.155,AVAILABILITY,domains.list,domains.list,2024-07-10 10:28:55.406022,9c6addf008766b65315c64be
193.70.113.237,AVAILABILITY,domains.list,domains.list,2024-07-10 10:28:56.052135,9c6addf008766b65315c64be
193.70.2.161,AVAILABILITY,domains.list,domains.list,2024-07-10 10:28:56.260754,9c6addf008766b65315c64be
193.70.34.209,AVAILABILITY,domains.list,domains.list,2024-07-10 10:28:56.462055,9c6addf008766b65315c64be
193.70.76.158,AVAILABILITY,domains.list,domains.list,2024-07-10 10:28:56.665592,9c6addf008766b65315c64be
193.70.81.160,AVAILABILITY,domains.list,domains.list,2024-07-10 10:28:56.870765,9c6addf008766b65315c64be
193.70.81.234,AVAILABILITY,domains.list,domains.list,2024-07-10 10:28:57.337203,9c6addf008766b65315c64be
193.70.81.238,AVAILABILITY,domains.list,domains.list,2024-07-10 10:28:58.147684,9c6addf008766b65315c64be
193.90.12.115,AVAILABILITY,domains.list,domains.list,2024-07-10 10:28:58.647283,9c6addf008766b65315c64be
195.154.102.207,AVAILABILITY,domains.list,domains.list,2024-07-10 10:28:59.128910,9c6addf008766b65315c64be
195.154.172.153,AVAILABILITY,domains.list,domains.list,2024-07-10 10:28:59.825179,9c6addf008766b65315c64be
195.201.143.48,AVAILABILITY,domains.list,domains.list,2024-07-10 10:29:00.135424,9c6addf008766b65315c64be
197.90.128.218,AVAILABILITY,domains.list,domains.list,2024-07-10 10:29:01.295546,9c6addf008766b65315c64be
197.90.151.67,AVAILABILITY,domains.list,domains.list,2024-07-10 10:29:02.035295,9c6addf008766b65315c64be
198.211.101.109,AVAILABILITY,domains.list,domains.list,2024-07-10 10:29:02.358513,9c6addf008766b65315c64be
198.27.82.105,AVAILABILITY,domains.list,domains.list,2024-07-10 10:29:02.497663,9c6addf008766b65315c64be
198.50.180.238,AVAILABILITY,domains.list,domains.list,2024-07-10 10:29:02.714979,9c6addf008766b65315c64be
198.98.52.141,AVAILABILITY,domains.list,domains.list,2024-07-10 10:29:02.880468,9c6addf008766b65315c64be
199.19.224.191,AVAILABILITY,domains.list,domains.list,2024-07-10 10:29:03.045699,9c6addf008766b65315c64be
199.195.252.213,AVAILABILITY,domains.list,domains.list,2024-07-10 10:29:03.343889,9c6addf008766b65315c64be
199.217.117.157,AVAILABILITY,domains.list,domains.list,2024-07-10 10:29:03.519930,9c6addf008766b65315c64be
201.222.28.113,AVAILABILITY,domains.list,domains.list,2024-07-10 10:29:04.148596,9c6addf008766b65315c64be
202.77.100.235,AVAILABILITY,domains.list,domains.list,2024-07-10 10:29:04.969742,9c6addf008766b65315c64be
202.80.228.67,AVAILABILITY,domains.list,domains.list,2024-07-10 10:29:05.371943,9c6addf008766b65315c64be
202.83.26.130,AVAILABILITY,domains.list,domains.list,2024-07-10 10:29:10.813571,9c6addf008766b65315c64be
203.201.60.14,AVAILABILITY,domains.list,domains.list,2024-07-10 10:29:11.457299,9c6addf008766b65315c64be
203.255.254.2,AVAILABILITY,domains.list,domains.list,2024-07-10 10:29:23.386117,9c6addf008766b65315c64be
204.85.191.30,AVAILABILITY,domains.list,domains.list,2024-07-10 10:29:23.635321,9c6addf008766b65315c64be
205.185.127.36,AVAILABILITY,domains.list,domains.list,2024-07-10 10:29:23.884039,9c6addf008766b65315c64be
206.189.113.98,AVAILABILITY,domains.list,domains.list,2024-07-10 10:29:24.377876,9c6addf008766b65315c64be
206.189.146.101,AVAILABILITY,domains.list,domains.list,2024-07-10 10:29:25.024447,9c6addf008766b65315c64be
206.189.151.206,AVAILABILITY,domains.list,domains.list,2024-07-10 10:29:25.194703,9c6addf008766b65315c64be
206.189.40.35,AVAILABILITY,domains.list,domains.list,2024-07-10 10:29:25.910465,9c6addf008766b65315c64be
206.189.44.77,AVAILABILITY,domains.list,domains.list,2024-07-10 10:29:26.038700,9c6addf008766b65315c64be
207.154.205.218,AVAILABILITY,domains.list,domains.list,2024-07-10 10:29:26.668616,9c6addf008766b65315c64be
207.180.226.88,AVAILABILITY,domains.list,domains.list,2024-07-10 10:29:27.073267,9c6addf008766b65315c64be
207.180.247.232,AVAILABILITY,domains.list,domains.list,2024-07-10 10:29:27.290666,9c6addf008766b65315c64be
208.100.26.229,AVAILABILITY,domains.list,domains.list,2024-07-10 10:29:27.497695,9c6addf008766b65315c64be
208.100.26.232,AVAILABILITY,domains.list,domains.list,2024-07-10 10:29:27.685951,9c6addf008766b65315c64be
208.109.54.191,AVAILABILITY,domains.list,domains.list,2024-07-10 10:29:27.793727,9c6addf008766b65315c64be
208.113.166.31,AVAILABILITY,domains.list,domains.list,2024-07-10 10:29:27.955050,9c6addf008766b65315c64be
209.141.55.11,AVAILABILITY,domains.list,domains.list,2024-07-10 10:29:28.112706,9c6addf008766b65315c64be
209.182.219.170,AVAILABILITY,domains.list,domains.list,2024-07-10 10:29:28.305283,9c6addf008766b65315c64be
212.129.16.22,AVAILABILITY,domains.list,domains.list,2024-07-10 10:29:28.710694,9c6addf008766b65315c64be
212.129.55.80,AVAILABILITY,domains.list,domains.list,2024-07-10 10:29:28.912240,9c6addf008766b65315c64be
212.156.115.58,AVAILABILITY,domains.list,domains.list,2024-07-10 10:29:29.391511,9c6addf008766b65315c64be
212.237.19.237,AVAILABILITY,domains.list,domains.list,2024-07-10 10:29:29.710196,9c6addf008766b65315c64be
212.237.45.250,AVAILABILITY,domains.list,domains.list,2024-07-10 10:29:29.935641,9c6addf008766b65315c64be
212.47.226.25,AVAILABILITY,domains.list,domains.list,2024-07-10 10:29:30.229369,9c6addf008766b65315c64be
212.47.243.74,AVAILABILITY,domains.list,domains.list,2024-07-10 10:29:31.229452,9c6addf008766b65315c64be
212.50.83.152,AVAILABILITY,domains.list,domains.list,2024-07-10 10:29:31.630830,9c6addf008766b65315c64be
213.136.82.51,AVAILABILITY,domains.list,domains.list,2024-07-10 10:29:31.937061,9c6addf008766b65315c64be
213.178.203.20,AVAILABILITY,domains.list,domains.list,2024-07-10 10:29:32.404982,9c6addf008766b65315c64be
213.183.128.161,AVAILABILITY,domains.list,domains.list,2024-07-10 10:29:32.832031,9c6addf008766b65315c64be
213.202.228.56,AVAILABILITY,domains.list,domains.list,2024-07-10 10:29:33.314612,9c6addf008766b65315c64be
213.251.161.87,AVAILABILITY,domains.list,domains.list,2024-07-10 10:29:33.805069,9c6addf008766b65315c64be
213.32.71.170,AVAILABILITY,domains.list,domains.list,2024-07-10 10:29:34.204408,9c6addf008766b65315c64be
213.32.72.47,AVAILABILITY,domains.list,domains.list,2024-07-10 10:29:34.876888,9c6addf008766b65315c64be
213.74.176.36,AVAILABILITY,domains.list,domains.list,2024-07-10 10:29:35.920425,9c6addf008766b65315c64be
213.85.40.69,AVAILABILITY,domains.list,domains.list,2024-07-10 10:29:36.175819,9c6addf008766b65315c64be
216.108.227.149,AVAILABILITY,domains.list,domains.list,2024-07-10 10:29:36.666634,9c6addf008766b65315c64be
217.115.86.6,AVAILABILITY,domains.list,domains.list,2024-07-10 10:29:37.209117,9c6addf008766b65315c64be
217.182.165.158,AVAILABILITY,domains.list,domains.list,2024-07-10 10:29:37.889174,9c6addf008766b65315c64be
217.182.252.123,AVAILABILITY,domains.list,domains.list,2024-07-10 10:29:38.088780,9c6addf008766b65315c64be
217.182.71.2,AVAILABILITY,domains.list,domains.list,2024-07-10 10:29:38.290736,9c6addf008766b65315c64be
217.182.74.96,AVAILABILITY,domains.list,domains.list,2024-07-10 10:29:38.495809,9c6addf008766b65315c64be
217.61.97.159,AVAILABILITY,domains.list,domains.list,2024-07-10 10:29:38.845081,9c6addf008766b65315c64be
217.61.97.174,AVAILABILITY,domains.list,domains.list,2024-07-10 10:29:39.068381,9c6addf008766b65315c64be
217.61.97.65,AVAILABILITY,domains.list,domains.list,2024-07-10 10:29:39.284736,9c6addf008766b65315c64be
217.61.98.145,AVAILABILITY,domains.list,domains.list,2024-07-10 10:29:39.621517,9c6addf008766b65315c64be
217.61.98.163,AVAILABILITY,domains.list,domains.list,2024-07-10 10:29:39.844635,9c6addf008766b65315c64be
217.61.98.196,AVAILABILITY,domains.list,domains.list,2024-07-10 10:29:40.198563,9c6addf008766b65315c64be
217.92.40.161,AVAILABILITY,domains.list,domains.list,2024-07-10 10:29:40.816361,9c6addf008766b65315c64be
218.38.12.159,AVAILABILITY,domains.list,domains.list,2024-07-10 10:29:41.715872,9c6addf008766b65315c64be
218.38.121.17,AVAILABILITY,domains.list,domains.list,2024-07-10 10:29:44.622073,9c6addf008766b65315c64be
218.65.30.107,AVAILABILITY,domains.list,domains.list,2024-07-10 10:29:44.822357,9c6addf008766b65315c64be
218.88.164.159,AVAILABILITY,domains.list,domains.list,2024-07-10 10:29:45.478772,9c6addf008766b65315c64be
221.139.104.121,AVAILABILITY,domains.list,domains.list,2024-07-10 10:29:47.193192,9c6addf008766b65315c64be
221.194.44.211,AVAILABILITY,domains.list,domains.list,2024-07-10 10:30:00.790394,9c6addf008766b65315c64be
222.188.89.146,AVAILABILITY,domains.list,domains.list,2024-07-10 10:30:03.906551,9c6addf008766b65315c64be
222.252.30.117,AVAILABILITY,domains.list,domains.list,2024-07-10 10:30:10.123262,9c6addf008766b65315c64be
222.255.0.41,AVAILABILITY,domains.list,domains.list,2024-07-10 10:30:10.463924,9c6addf008766b65315c64be
223.197.203.28,AVAILABILITY,domains.list,domains.list,2024-07-10 10:30:11.038970,9c6addf008766b65315c64be
24.241.158.184,AVAILABILITY,domains.list,domains.list,2024-07-10 10:30:12.219102,9c6addf008766b65315c64be
27.64.112.32,AVAILABILITY,domains.list,domains.list,2024-07-10 10:30:13.202931,9c6addf008766b65315c64be
27.69.242.187,AVAILABILITY,domains.list,domains.list,2024-07-10 10:30:14.382126,9c6addf008766b65315c64be
27.70.153.187,AVAILABILITY,domains.list,domains.list,2024-07-10 10:30:14.734257,9c6addf008766b65315c64be
27.77.254.179,AVAILABILITY,domains.list,domains.list,2024-07-10 10:30:15.430862,9c6addf008766b65315c64be
27.78.12.22,AVAILABILITY,domains.list,domains.list,2024-07-10 10:30:15.872702,9c6addf008766b65315c64be
27.78.14.83,AVAILABILITY,domains.list,domains.list,2024-07-10 10:30:16.489652,9c6addf008766b65315c64be
3.17.254.11,AVAILABILITY,domains.list,domains.list,2024-07-10 10:30:16.594876,9c6addf008766b65315c64be
31.131.24.168,AVAILABILITY,domains.list,domains.list,2024-07-10 10:30:25.282930,9c6addf008766b65315c64be
31.135.214.120,AVAILABILITY,domains.list,domains.list,2024-07-10 10:30:25.626271,9c6addf008766b65315c64be
31.184.199.114,AVAILABILITY,domains.list,domains.list,2024-07-10 10:30:26.285606,9c6addf008766b65315c64be
35.154.165.208,AVAILABILITY,domains.list,domains.list,2024-07-10 10:30:26.539127,9c6addf008766b65315c64be
35.154.199.109,AVAILABILITY,domains.list,domains.list,2024-07-10 10:30:26.646154,9c6addf008766b65315c64be
35.184.172.244,AVAILABILITY,domains.list,domains.list,2024-07-10 10:30:26.800843,9c6addf008766b65315c64be
35.196.47.242,AVAILABILITY,domains.list,domains.list,2024-07-10 10:30:26.975671,9c6addf008766b65315c64be
35.203.50.234,AVAILABILITY,domains.list,domains.list,2024-07-10 10:30:27.101633,9c6addf008766b65315c64be
35.205.201.147,AVAILABILITY,domains.list,domains.list,2024-07-10 10:30:27.250175,9c6addf008766b65315c64be
35.231.91.193,AVAILABILITY,domains.list,domains.list,2024-07-10 10:30:27.378247,9c6addf008766b65315c64be
37.115.184.19,AVAILABILITY,domains.list,domains.list,2024-07-10 10:30:27.961287,9c6addf008766b65315c64be
37.115.188.53,AVAILABILITY,domains.list,domains.list,2024-07-10 10:30:28.364135,9c6addf008766b65315c64be
37.115.191.132,AVAILABILITY,domains.list,domains.list,2024-07-10 10:30:28.768389,9c6addf008766b65315c64be
37.133.49.143,AVAILABILITY,domains.list,domains.list,2024-07-10 10:30:29.197527,9c6addf008766b65315c64be
37.153.151.24,AVAILABILITY,domains.list,domains.list,2024-07-10 10:30:29.580914,9c6addf008766b65315c64be
37.187.0.29,AVAILABILITY,domains.list,domains.list,2024-07-10 10:30:30.233245,9c6addf008766b65315c64be
37.187.105.132,AVAILABILITY,domains.list,domains.list,2024-07-10 10:30:31.194932,9c6addf008766b65315c64be
37.187.109.147,AVAILABILITY,domains.list,domains.list,2024-07-10 10:30:31.398661,9c6addf008766b65315c64be
37.187.113.94,AVAILABILITY,domains.list,domains.list,2024-07-10 10:30:31.617432,9c6addf008766b65315c64be
37.187.121.214,AVAILABILITY,domains.list,domains.list,2024-07-10 10:30:31.926273,9c6addf008766b65315c64be
37.187.126.3,AVAILABILITY,domains.list,domains.list,2024-07-10 10:30:32.128516,9c6addf008766b65315c64be
37.187.126.99,AVAILABILITY,domains.list,domains.list,2024-07-10 10:30:32.338329,9c6addf008766b65315c64be
37.187.225.184,AVAILABILITY,domains.list,domains.list,2024-07-10 10:30:33.438910,9c6addf008766b65315c64be
37.187.225.54,AVAILABILITY,domains.list,domains.list,2024-07-10 10:30:33.642325,9c6addf008766b65315c64be
37.187.25.138,AVAILABILITY,domains.list,domains.list,2024-07-10 10:30:33.843028,9c6addf008766b65315c64be
37.46.32.127,AVAILABILITY,domains.list,domains.list,2024-07-10 10:30:34.145952,9c6addf008766b65315c64be
37.49.230.244,AVAILABILITY,domains.list,domains.list,2024-07-10 10:30:35.712501,9c6addf008766b65315c64be
37.59.125.153,AVAILABILITY,domains.list,domains.list,2024-07-10 10:30:36.026957,9c6addf008766b65315c64be
37.59.46.75,AVAILABILITY,domains.list,domains.list,2024-07-10 10:30:36.328181,9c6addf008766b65315c64be
37.59.61.129,AVAILABILITY,domains.list,domains.list,2024-07-10 10:30:36.534346,9c6addf008766b65315c64be
39.106.121.173,AVAILABILITY,domains.list,domains.list,2024-07-10 10:30:38.581623,9c6addf008766b65315c64be
41.234.66.22,AVAILABILITY,domains.list,domains.list,2024-07-10 10:30:39.419391,9c6addf008766b65315c64be
42.236.147.131,AVAILABILITY,domains.list,domains.list,2024-07-10 10:30:40.476421,9c6addf008766b65315c64be
45.137.22.99,AVAILABILITY,domains.list,domains.list,2024-07-10 10:30:41.175893,9c6addf008766b65315c64be
45.142.195.8,AVAILABILITY,domains.list,domains.list,2024-07-10 10:30:41.816088,9c6addf008766b65315c64be
45.225.35.253,AVAILABILITY,domains.list,domains.list,2024-07-10 10:30:42.153723,9c6addf008766b65315c64be
45.55.198.217,AVAILABILITY,domains.list,domains.list,2024-07-10 10:30:42.799935,9c6addf008766b65315c64be
45.77.124.47,AVAILABILITY,domains.list,domains.list,2024-07-10 10:30:43.122669,9c6addf008766b65315c64be
45.77.7.55,AVAILABILITY,domains.list,domains.list,2024-07-10 10:30:43.250191,9c6addf008766b65315c64be
45.95.168.105,AVAILABILITY,domains.list,domains.list,2024-07-10 10:30:43.469735,9c6addf008766b65315c64be
46.101.119.15,AVAILABILITY,domains.list,domains.list,2024-07-10 10:30:46.111158,9c6addf008766b65315c64be
46.105.121.42,AVAILABILITY,domains.list,domains.list,2024-07-10 10:30:46.718929,9c6addf008766b65315c64be
46.105.123.124,AVAILABILITY,domains.list,domains.list,2024-07-10 10:30:46.933557,9c6addf008766b65315c64be
46.105.17.52,AVAILABILITY,domains.list,domains.list,2024-07-10 10:30:47.141058,9c6addf008766b65315c64be
46.105.252.106,AVAILABILITY,domains.list,domains.list,2024-07-10 10:30:47.477981,9c6addf008766b65315c64be
46.105.86.227,AVAILABILITY,domains.list,domains.list,2024-07-10 10:30:47.683587,9c6addf008766b65315c64be
46.118.115.22,AVAILABILITY,domains.list,domains.list,2024-07-10 10:30:48.206655,9c6addf008766b65315c64be
46.119.124.124,AVAILABILITY,domains.list,domains.list,2024-07-10 10:30:48.609075,9c6addf008766b65315c64be
46.151.24.177,AVAILABILITY,domains.list,domains.list,2024-07-10 10:30:48.910748,9c6addf008766b65315c64be
46.93.107.65,AVAILABILITY,domains.list,domains.list,2024-07-10 10:30:49.339598,9c6addf008766b65315c64be
49.12.98.41,AVAILABILITY,domains.list,domains.list,2024-07-10 10:30:50.279849,9c6addf008766b65315c64be
5.103.30.101,AVAILABILITY,domains.list,domains.list,2024-07-10 10:30:50.667423,9c6addf008766b65315c64be
5.104.142.99,AVAILABILITY,domains.list,domains.list,2024-07-10 10:30:51.208907,9c6addf008766b65315c64be
5.135.167.146,AVAILABILITY,domains.list,domains.list,2024-07-10 10:30:51.420381,9c6addf008766b65315c64be
5.135.179.165,AVAILABILITY,domains.list,domains.list,2024-07-10 10:30:51.628761,9c6addf008766b65315c64be
5.135.183.135,AVAILABILITY,domains.list,domains.list,2024-07-10 10:30:51.841670,9c6addf008766b65315c64be
5.135.78.49,AVAILABILITY,domains.list,domains.list,2024-07-10 10:30:52.047425,9c6addf008766b65315c64be
5.189.150.125,AVAILABILITY,domains.list,domains.list,2024-07-10 10:30:52.601737,9c6addf008766b65315c64be
5.189.150.217,AVAILABILITY,domains.list,domains.list,2024-07-10 10:30:52.813635,9c6addf008766b65315c64be
5.189.152.24,AVAILABILITY,domains.list,domains.list,2024-07-10 10:30:53.025408,9c6addf008766b65315c64be
5.196.226.89,AVAILABILITY,domains.list,domains.list,2024-07-10 10:30:53.529163,9c6addf008766b65315c64be
5.196.53.17,AVAILABILITY,domains.list,domains.list,2024-07-10 10:30:53.738900,9c6addf008766b65315c64be
5.196.68.145,AVAILABILITY,domains.list,domains.list,2024-07-10 10:30:54.051036,9c6addf008766b65315c64be
5.196.70.227,AVAILABILITY,domains.list,domains.list,2024-07-10 10:30:54.253982,9c6addf008766b65315c64be
5.196.9.220,AVAILABILITY,domains.list,domains.list,2024-07-10 10:30:54.560884,9c6addf008766b65315c64be
5.39.67.11,AVAILABILITY,domains.list,domains.list,2024-07-10 10:30:54.865684,9c6addf008766b65315c64be
5.39.80.99,AVAILABILITY,domains.list,domains.list,2024-07-10 10:30:55.115605,9c6addf008766b65315c64be
51.15.10.239,AVAILABILITY,domains.list,domains.list,2024-07-10 10:30:55.328681,9c6addf008766b65315c64be
51.15.136.169,AVAILABILITY,domains.list,domains.list,2024-07-10 10:30:55.633742,9c6addf008766b65315c64be
51.15.147.154,AVAILABILITY,domains.list,domains.list,2024-07-10 10:30:56.020113,9c6addf008766b65315c64be
51.15.153.65,AVAILABILITY,domains.list,domains.list,2024-07-10 10:30:56.307436,9c6addf008766b65315c64be
51.15.188.184,AVAILABILITY,domains.list,domains.list,2024-07-10 10:30:56.617461,9c6addf008766b65315c64be
51.15.191.189,AVAILABILITY,domains.list,domains.list,2024-07-10 10:30:56.912345,9c6addf008766b65315c64be
51.15.197.81,AVAILABILITY,domains.list,domains.list,2024-07-10 10:30:57.310309,9c6addf008766b65315c64be
51.15.199.88,AVAILABILITY,domains.list,domains.list,2024-07-10 10:30:58.070913,9c6addf008766b65315c64be
51.15.202.254,AVAILABILITY,domains.list,domains.list,2024-07-10 10:30:58.367661,9c6addf008766b65315c64be
51.15.209.74,AVAILABILITY,domains.list,domains.list,2024-07-10 10:30:58.665049,9c6addf008766b65315c64be
51.15.227.154,AVAILABILITY,domains.list,domains.list,2024-07-10 10:30:59.070172,9c6addf008766b65315c64be
51.15.235.91,AVAILABILITY,domains.list,domains.list,2024-07-10 10:30:59.366110,9c6addf008766b65315c64be
51.15.237.133,AVAILABILITY,domains.list,domains.list,2024-07-10 10:30:59.658704,9c6addf008766b65315c64be
51.15.34.19,AVAILABILITY,domains.list,domains.list,2024-07-10 10:31:00.178879,9c6addf008766b65315c64be
51.15.50.59,AVAILABILITY,domains.list,domains.list,2024-07-10 10:31:00.470350,9c6addf008766b65315c64be
51.15.56.143,AVAILABILITY,domains.list,domains.list,2024-07-10 10:31:00.765542,9c6addf008766b65315c64be
51.15.80.123,AVAILABILITY,domains.list,domains.list,2024-07-10 10:31:01.065709,9c6addf008766b65315c64be
51.158.110.2,AVAILABILITY,domains.list,domains.list,2024-07-10 10:31:01.376347,9c6addf008766b65315c64be
51.158.125.112,AVAILABILITY,domains.list,domains.list,2024-07-10 10:31:01.670429,9c6addf008766b65315c64be
51.158.67.13,AVAILABILITY,domains.list,domains.list,2024-07-10 10:31:02.431375,9c6addf008766b65315c64be
51.159.7.65,AVAILABILITY,domains.list,domains.list,2024-07-10 10:31:02.626148,9c6addf008766b65315c64be
51.178.186.11,AVAILABILITY,domains.list,domains.list,2024-07-10 10:31:02.836822,9c6addf008766b65315c64be
51.178.47.65,AVAILABILITY,domains.list,domains.list,2024-07-10 10:31:03.050915,9c6addf008766b65315c64be
51.178.86.80,AVAILABILITY,domains.list,domains.list,2024-07-10 10:31:03.309794,9c6addf008766b65315c64be
51.254.137.24,AVAILABILITY,domains.list,domains.list,2024-07-10 10:31:03.510466,9c6addf008766b65315c64be
51.254.147.85,AVAILABILITY,domains.list,domains.list,2024-07-10 10:31:03.811826,9c6addf008766b65315c64be
51.254.205.41,AVAILABILITY,domains.list,domains.list,2024-07-10 10:31:04.110513,9c6addf008766b65315c64be
51.254.210.211,AVAILABILITY,domains.list,domains.list,2024-07-10 10:31:04.368798,9c6addf008766b65315c64be
51.254.217.7,AVAILABILITY,domains.list,domains.list,2024-07-10 10:31:04.618531,9c6addf008766b65315c64be
51.254.252.178,AVAILABILITY,domains.list,domains.list,2024-07-10 10:31:04.919469,9c6addf008766b65315c64be
51.254.39.129,AVAILABILITY,domains.list,domains.list,2024-07-10 10:31:05.172433,9c6addf008766b65315c64be
51.254.98.26,AVAILABILITY,domains.list,domains.list,2024-07-10 10:31:05.377236,9c6addf008766b65315c64be
51.254.99.33,AVAILABILITY,domains.list,domains.list,2024-07-10 10:31:05.718861,9c6addf008766b65315c64be
51.255.143.163,AVAILABILITY,domains.list,domains.list,2024-07-10 10:31:06.110399,9c6addf008766b65315c64be
51.255.166.189,AVAILABILITY,domains.list,domains.list,2024-07-10 10:31:06.318133,9c6addf008766b65315c64be
51.255.192.48,AVAILABILITY,domains.list,domains.list,2024-07-10 10:31:06.531880,9c6addf008766b65315c64be
51.255.194.237,AVAILABILITY,domains.list,domains.list,2024-07-10 10:31:06.834369,9c6addf008766b65315c64be
51.255.36.135,AVAILABILITY,domains.list,domains.list,2024-07-10 10:31:07.057937,9c6addf008766b65315c64be
51.255.42.134,AVAILABILITY,domains.list,domains.list,2024-07-10 10:31:07.517039,9c6addf008766b65315c64be
51.255.44.123,AVAILABILITY,domains.list,domains.list,2024-07-10 10:31:07.720650,9c6addf008766b65315c64be
51.255.48.153,AVAILABILITY,domains.list,domains.list,2024-07-10 10:31:07.923910,9c6addf008766b65315c64be
51.255.83.104,AVAILABILITY,domains.list,domains.list,2024-07-10 10:31:08.134138,9c6addf008766b65315c64be
51.255.91.75,AVAILABILITY,domains.list,domains.list,2024-07-10 10:31:08.346939,9c6addf008766b65315c64be
51.38.130.198,AVAILABILITY,domains.list,domains.list,2024-07-10 10:31:09.036073,9c6addf008766b65315c64be
51.38.131.98,AVAILABILITY,domains.list,domains.list,2024-07-10 10:31:09.242569,9c6addf008766b65315c64be
51.38.190.99,AVAILABILITY,domains.list,domains.list,2024-07-10 10:31:09.450917,9c6addf008766b65315c64be
51.38.226.89,AVAILABILITY,domains.list,domains.list,2024-07-10 10:31:09.659986,9c6addf008766b65315c64be
51.38.230.59,AVAILABILITY,domains.list,domains.list,2024-07-10 10:31:09.860625,9c6addf008766b65315c64be
51.38.40.38,AVAILABILITY,domains.list,domains.list,2024-07-10 10:31:10.157202,9c6addf008766b65315c64be
51.38.49.17,AVAILABILITY,domains.list,domains.list,2024-07-10 10:31:10.471810,9c6addf008766b65315c64be
51.38.51.182,AVAILABILITY,domains.list,domains.list,2024-07-10 10:31:10.680331,9c6addf008766b65315c64be
51.38.80.105,AVAILABILITY,domains.list,domains.list,2024-07-10 10:31:10.885160,9c6addf008766b65315c64be
51.68.126.225,AVAILABILITY,domains.list,domains.list,2024-07-10 10:31:11.323795,9c6addf008766b65315c64be
51.68.138.243,AVAILABILITY,domains.list,domains.list,2024-07-10 10:31:11.528897,9c6addf008766b65315c64be
51.68.143.121,AVAILABILITY,domains.list,domains.list,2024-07-10 10:31:11.739522,9c6addf008766b65315c64be
51.68.226.205,AVAILABILITY,domains.list,domains.list,2024-07-10 10:31:11.944809,9c6addf008766b65315c64be
51.68.80.29,AVAILABILITY,domains.list,domains.list,2024-07-10 10:31:13.395114,9c6addf008766b65315c64be
51.75.125.20,AVAILABILITY,domains.list,domains.list,2024-07-10 10:31:13.696130,9c6addf008766b65315c64be
51.75.162.144,AVAILABILITY,domains.list,domains.list,2024-07-10 10:31:13.907635,9c6addf008766b65315c64be
51.75.23.87,AVAILABILITY,domains.list,domains.list,2024-07-10 10:31:14.417552,9c6addf008766b65315c64be
51.75.241.233,AVAILABILITY,domains.list,domains.list,2024-07-10 10:31:14.730550,9c6addf008766b65315c64be
51.75.255.6,AVAILABILITY,domains.list,domains.list,2024-07-10 10:31:15.034724,9c6addf008766b65315c64be
51.75.29.61,AVAILABILITY,domains.list,domains.list,2024-07-10 10:31:15.335500,9c6addf008766b65315c64be
51.77.151.90,AVAILABILITY,domains.list,domains.list,2024-07-10 10:31:15.542088,9c6addf008766b65315c64be
51.77.200.39,AVAILABILITY,domains.list,domains.list,2024-07-10 10:31:15.864042,9c6addf008766b65315c64be
51.77.200.70,AVAILABILITY,domains.list,domains.list,2024-07-10 10:31:16.074111,9c6addf008766b65315c64be
51.77.222.160,AVAILABILITY,domains.list,domains.list,2024-07-10 10:31:16.410470,9c6addf008766b65315c64be
51.77.245.214,AVAILABILITY,domains.list,domains.list,2024-07-10 10:31:16.614972,9c6addf008766b65315c64be
51.77.48.158,AVAILABILITY,domains.list,domains.list,2024-07-10 10:31:16.948238,9c6addf008766b65315c64be
51.77.49.96,AVAILABILITY,domains.list,domains.list,2024-07-10 10:31:17.159958,9c6addf008766b65315c64be
51.83.135.1,AVAILABILITY,domains.list,domains.list,2024-07-10 10:31:17.461971,9c6addf008766b65315c64be
51.89.99.60,AVAILABILITY,domains.list,domains.list,2024-07-10 10:31:17.895319,9c6addf008766b65315c64be
51.91.101.156,AVAILABILITY,domains.list,domains.list,2024-07-10 10:31:18.104583,9c6addf008766b65315c64be
51.91.102.71,AVAILABILITY,domains.list,domains.list,2024-07-10 10:31:18.314028,9c6addf008766b65315c64be
51.91.105.120,AVAILABILITY,domains.list,domains.list,2024-07-10 10:31:18.521556,9c6addf008766b65315c64be
51.91.96.99,AVAILABILITY,domains.list,domains.list,2024-07-10 10:31:18.984016,9c6addf008766b65315c64be
51.91.97.150,AVAILABILITY,domains.list,domains.list,2024-07-10 10:31:19.368082,9c6addf008766b65315c64be
52.10.103.213,AVAILABILITY,domains.list,domains.list,2024-07-10 10:31:19.511880,9c6addf008766b65315c64be
52.4.24.238,AVAILABILITY,domains.list,domains.list,2024-07-10 10:31:20.002760,9c6addf008766b65315c64be
52.66.208.216,AVAILABILITY,domains.list,domains.list,2024-07-10 10:31:20.131177,9c6addf008766b65315c64be
52.80.49.191,AVAILABILITY,domains.list,domains.list,2024-07-10 10:31:20.348728,9c6addf008766b65315c64be
52.90.109.172,AVAILABILITY,domains.list,domains.list,2024-07-10 10:31:20.498259,9c6addf008766b65315c64be
52.91.82.49,AVAILABILITY,domains.list,domains.list,2024-07-10 10:31:20.651408,9c6addf008766b65315c64be
54.169.145.191,AVAILABILITY,domains.list,domains.list,2024-07-10 10:31:20.759946,9c6addf008766b65315c64be
54.197.9.142,AVAILABILITY,domains.list,domains.list,2024-07-10 10:31:20.866796,9c6addf008766b65315c64be
54.251.191.107,AVAILABILITY,domains.list,domains.list,2024-07-10 10:31:21.082040,9c6addf008766b65315c64be
54.36.101.230,AVAILABILITY,domains.list,domains.list,2024-07-10 10:31:21.524794,9c6addf008766b65315c64be
54.36.198.40,AVAILABILITY,domains.list,domains.list,2024-07-10 10:31:21.826584,9c6addf008766b65315c64be
54.37.10.110,AVAILABILITY,domains.list,domains.list,2024-07-10 10:31:22.140430,9c6addf008766b65315c64be
54.37.161.71,AVAILABILITY,domains.list,domains.list,2024-07-10 10:31:22.351915,9c6addf008766b65315c64be
54.37.226.230,AVAILABILITY,domains.list,domains.list,2024-07-10 10:31:22.854189,9c6addf008766b65315c64be
54.37.230.177,AVAILABILITY,domains.list,domains.list,2024-07-10 10:31:23.115987,9c6addf008766b65315c64be
54.37.235.90,AVAILABILITY,domains.list,domains.list,2024-07-10 10:31:23.507252,9c6addf008766b65315c64be
54.37.30.7,AVAILABILITY,domains.list,domains.list,2024-07-10 10:31:23.718676,9c6addf008766b65315c64be
54.37.46.137,AVAILABILITY,domains.list,domains.list,2024-07-10 10:31:23.920233,9c6addf008766b65315c64be
54.37.65.76,AVAILABILITY,domains.list,domains.list,2024-07-10 10:31:24.217848,9c6addf008766b65315c64be
54.37.67.113,AVAILABILITY,domains.list,domains.list,2024-07-10 10:31:24.426568,9c6addf008766b65315c64be
54.37.82.213,AVAILABILITY,domains.list,domains.list,2024-07-10 10:31:24.632976,9c6addf008766b65315c64be
54.37.88.113,AVAILABILITY,domains.list,domains.list,2024-07-10 10:31:24.842641,9c6addf008766b65315c64be
54.37.9.246,AVAILABILITY,domains.list,domains.list,2024-07-10 10:31:25.126382,9c6addf008766b65315c64be
54.38.134.234,AVAILABILITY,domains.list,domains.list,2024-07-10 10:31:25.528939,9c6addf008766b65315c64be
54.38.156.88,AVAILABILITY,domains.list,domains.list,2024-07-10 10:31:25.830462,9c6addf008766b65315c64be
54.38.159.243,AVAILABILITY,domains.list,domains.list,2024-07-10 10:31:26.034097,9c6addf008766b65315c64be
54.38.184.63,AVAILABILITY,domains.list,domains.list,2024-07-10 10:31:26.291488,9c6addf008766b65315c64be
54.38.185.150,AVAILABILITY,domains.list,domains.list,2024-07-10 10:31:26.596811,9c6addf008766b65315c64be
54.38.31.134,AVAILABILITY,domains.list,domains.list,2024-07-10 10:31:27.160669,9c6addf008766b65315c64be
54.38.37.226,AVAILABILITY,domains.list,domains.list,2024-07-10 10:31:27.363193,9c6addf008766b65315c64be
54.38.49.12,AVAILABILITY,domains.list,domains.list,2024-07-10 10:31:27.940412,9c6addf008766b65315c64be
54.38.52.101,AVAILABILITY,domains.list,domains.list,2024-07-10 10:31:28.145392,9c6addf008766b65315c64be
54.38.53.21,AVAILABILITY,domains.list,domains.list,2024-07-10 10:31:28.345704,9c6addf008766b65315c64be
54.38.55.127,AVAILABILITY,domains.list,domains.list,2024-07-10 10:31:28.730252,9c6addf008766b65315c64be
54.38.90.66,AVAILABILITY,domains.list,domains.list,2024-07-10 10:31:29.030314,9c6addf008766b65315c64be
54.39.137.228,AVAILABILITY,domains.list,domains.list,2024-07-10 10:31:29.622133,9c6addf008766b65315c64be
54.39.99.246,AVAILABILITY,domains.list,domains.list,2024-07-10 10:31:29.778450,9c6addf008766b65315c64be
54.95.33.77,AVAILABILITY,domains.list,domains.list,2024-07-10 10:31:29.917721,9c6addf008766b65315c64be
59.124.231.152,AVAILABILITY,domains.list,domains.list,2024-07-10 10:31:33.329683,9c6addf008766b65315c64be
59.125.57.148,AVAILABILITY,domains.list,domains.list,2024-07-10 10:31:33.936683,9c6addf008766b65315c64be
59.47.226.16,AVAILABILITY,domains.list,domains.list,2024-07-10 10:31:34.674917,9c6addf008766b65315c64be
59.49.38.210,AVAILABILITY,domains.list,domains.list,2024-07-10 10:31:35.604759,9c6addf008766b65315c64be
61.76.169.138,AVAILABILITY,domains.list,domains.list,2024-07-10 10:31:38.049012,9c6addf008766b65315c64be
61.78.63.147,AVAILABILITY,domains.list,domains.list,2024-07-10 10:31:39.629371,9c6addf008766b65315c64be
62.152.50.150,AVAILABILITY,domains.list,domains.list,2024-07-10 10:31:40.286994,9c6addf008766b65315c64be
62.171.140.79,AVAILABILITY,domains.list,domains.list,2024-07-10 10:31:40.502145,9c6addf008766b65315c64be
62.171.152.123,AVAILABILITY,domains.list,domains.list,2024-07-10 10:31:40.725816,9c6addf008766b65315c64be
62.171.156.198,AVAILABILITY,domains.list,domains.list,2024-07-10 10:31:41.156413,9c6addf008766b65315c64be
62.171.161.206,AVAILABILITY,domains.list,domains.list,2024-07-10 10:31:41.372047,9c6addf008766b65315c64be
62.171.167.23,AVAILABILITY,domains.list,domains.list,2024-07-10 10:31:41.589341,9c6addf008766b65315c64be
62.173.152.103,AVAILABILITY,domains.list,domains.list,2024-07-10 10:31:42.377649,9c6addf008766b65315c64be
62.210.251.42,AVAILABILITY,domains.list,domains.list,2024-07-10 10:31:42.694137,9c6addf008766b65315c64be
62.94.206.57,AVAILABILITY,domains.list,domains.list,2024-07-10 10:31:43.026909,9c6addf008766b65315c64be
64.227.2.82,AVAILABILITY,domains.list,domains.list,2024-07-10 10:31:43.589391,9c6addf008766b65315c64be
64.227.43.31,AVAILABILITY,domains.list,domains.list,2024-07-10 10:31:45.183419,9c6addf008766b65315c64be
66.186.228.194,AVAILABILITY,domains.list,domains.list,2024-07-10 10:31:45.603268,9c6addf008766b65315c64be
66.70.188.152,AVAILABILITY,domains.list,domains.list,2024-07-10 10:31:45.728610,9c6addf008766b65315c64be
67.247.123.8,AVAILABILITY,domains.list,domains.list,2024-07-10 10:31:46.062062,9c6addf008766b65315c64be
68.183.70.62,AVAILABILITY,domains.list,domains.list,2024-07-10 10:31:46.943364,9c6addf008766b65315c64be
68.60.103.4,AVAILABILITY,domains.list,domains.list,2024-07-10 10:31:47.051200,9c6addf008766b65315c64be
69.146.244.126,AVAILABILITY,domains.list,domains.list,2024-07-10 10:31:47.172383,9c6addf008766b65315c64be
71.173.86.60,AVAILABILITY,domains.list,domains.list,2024-07-10 10:31:47.585528,9c6addf008766b65315c64be
71.244.49.72,AVAILABILITY,domains.list,domains.list,2024-07-10 10:31:47.824330,9c6addf008766b65315c64be
72.49.13.230,AVAILABILITY,domains.list,domains.list,2024-07-10 10:31:48.040723,9c6addf008766b65315c64be
72.53.158.103,AVAILABILITY,domains.list,domains.list,2024-07-10 10:31:48.250869,9c6addf008766b65315c64be
73.158.127.66,AVAILABILITY,domains.list,domains.list,2024-07-10 10:31:48.358497,9c6addf008766b65315c64be
73.53.82.212,AVAILABILITY,domains.list,domains.list,2024-07-10 10:31:48.465335,9c6addf008766b65315c64be
73.81.203.250,AVAILABILITY,domains.list,domains.list,2024-07-10 10:31:48.599687,9c6addf008766b65315c64be
74.74.239.10,AVAILABILITY,domains.list,domains.list,2024-07-10 10:31:48.858553,9c6addf008766b65315c64be
75.76.246.228,AVAILABILITY,domains.list,domains.list,2024-07-10 10:31:48.980326,9c6addf008766b65315c64be
76.126.126.180,AVAILABILITY,domains.list,domains.list,2024-07-10 10:31:49.145197,9c6addf008766b65315c64be
77.164.209.69,AVAILABILITY,domains.list,domains.list,2024-07-10 10:31:49.575156,9c6addf008766b65315c64be
77.242.219.206,AVAILABILITY,domains.list,domains.list,2024-07-10 10:31:50.215656,9c6addf008766b65315c64be
77.43.20.234,AVAILABILITY,domains.list,domains.list,2024-07-10 10:31:50.453231,9c6addf008766b65315c64be
77.48.224.163,AVAILABILITY,domains.list,domains.list,2024-07-10 10:31:50.768740,9c6addf008766b65315c64be
77.55.215.137,AVAILABILITY,domains.list,domains.list,2024-07-10 10:31:50.972823,9c6addf008766b65315c64be
77.75.93.108,AVAILABILITY,domains.list,domains.list,2024-07-10 10:31:51.421641,9c6addf008766b65315c64be
78.128.112.62,AVAILABILITY,domains.list,domains.list,2024-07-10 10:31:52.029211,9c6addf008766b65315c64be
78.128.113.100,AVAILABILITY,domains.list,domains.list,2024-07-10 10:31:52.280612,9c6addf008766b65315c64be
78.128.113.101,AVAILABILITY,domains.list,domains.list,2024-07-10 10:31:52.406714,9c6addf008766b65315c64be
78.128.113.75,AVAILABILITY,domains.list,domains.list,2024-07-10 10:31:53.020741,9c6addf008766b65315c64be
78.128.113.76,AVAILABILITY,domains.list,domains.list,2024-07-10 10:31:53.146888,9c6addf008766b65315c64be
78.128.113.77,AVAILABILITY,domains.list,domains.list,2024-07-10 10:31:53.425530,9c6addf008766b65315c64be
78.186.32.133,AVAILABILITY,domains.list,domains.list,2024-07-10 10:31:54.064424,9c6addf008766b65315c64be
78.56.78.115,AVAILABILITY,domains.list,domains.list,2024-07-10 10:31:54.436257,9c6addf008766b65315c64be
78.63.136.227,AVAILABILITY,domains.list,domains.list,2024-07-10 10:31:55.250910,9c6addf008766b65315c64be
79.130.106.42,AVAILABILITY,domains.list,domains.list,2024-07-10 10:31:55.824154,9c6addf008766b65315c64be
79.143.191.224,AVAILABILITY,domains.list,domains.list,2024-07-10 10:31:56.041934,9c6addf008766b65315c64be
79.143.29.66,AVAILABILITY,domains.list,domains.list,2024-07-10 10:31:56.300994,9c6addf008766b65315c64be
79.161.15.172,AVAILABILITY,domains.list,domains.list,2024-07-10 10:31:56.745438,9c6addf008766b65315c64be
79.175.173.238,AVAILABILITY,domains.list,domains.list,2024-07-10 10:31:57.345638,9c6addf008766b65315c64be
79.198.139.157,AVAILABILITY,domains.list,domains.list,2024-07-10 10:31:57.980396,9c6addf008766b65315c64be
79.30.172.25,AVAILABILITY,domains.list,domains.list,2024-07-10 10:31:58.193797,9c6addf008766b65315c64be
79.46.101.73,AVAILABILITY,domains.list,domains.list,2024-07-10 10:31:58.423655,9c6addf008766b65315c64be
79.7.97.222,AVAILABILITY,domains.list,domains.list,2024-07-10 10:31:58.773998,9c6addf008766b65315c64be
81.247.209.40,AVAILABILITY,domains.list,domains.list,2024-07-10 10:31:59.315733,9c6addf008766b65315c64be
81.248.28.61,AVAILABILITY,domains.list,domains.list,2024-07-10 10:31:59.645544,9c6addf008766b65315c64be
81.30.181.117,AVAILABILITY,domains.list,domains.list,2024-07-10 10:32:00.552687,9c6addf008766b65315c64be
82.145.72.180,AVAILABILITY,domains.list,domains.list,2024-07-10 10:32:07.759141,9c6addf008766b65315c64be
82.155.64.101,AVAILABILITY,domains.list,domains.list,2024-07-10 10:32:08.270710,9c6addf008766b65315c64be
82.222.61.135,AVAILABILITY,domains.list,domains.list,2024-07-10 10:32:09.121927,9c6addf008766b65315c64be
82.223.111.75,AVAILABILITY,domains.list,domains.list,2024-07-10 10:32:09.779641,9c6addf008766b65315c64be
82.64.5.64,AVAILABILITY,domains.list,domains.list,2024-07-10 10:32:10.485731,9c6addf008766b65315c64be
82.64.8.34,AVAILABILITY,domains.list,domains.list,2024-07-10 10:32:10.814970,9c6addf008766b65315c64be
82.99.223.120,AVAILABILITY,domains.list,domains.list,2024-07-10 10:32:12.046095,9c6addf008766b65315c64be
83.149.226.11,AVAILABILITY,domains.list,domains.list,2024-07-10 10:32:12.990750,9c6addf008766b65315c64be
83.212.82.131,AVAILABILITY,domains.list,domains.list,2024-07-10 10:32:13.244698,9c6addf008766b65315c64be
83.29.45.222,AVAILABILITY,domains.list,domains.list,2024-07-10 10:32:13.591817,9c6addf008766b65315c64be
83.60.253.115,AVAILABILITY,domains.list,domains.list,2024-07-10 10:32:13.931384,9c6addf008766b65315c64be
83.61.120.178,AVAILABILITY,domains.list,domains.list,2024-07-10 10:32:14.318339,9c6addf008766b65315c64be
84.188.68.188,AVAILABILITY,domains.list,domains.list,2024-07-10 10:32:14.863636,9c6addf008766b65315c64be
84.54.37.69,AVAILABILITY,domains.list,domains.list,2024-07-10 10:32:15.188368,9c6addf008766b65315c64be
85.11.80.21,AVAILABILITY,domains.list,domains.list,2024-07-10 10:32:15.422312,9c6addf008766b65315c64be
85.241.48.10,AVAILABILITY,domains.list,domains.list,2024-07-10 10:32:15.993636,9c6addf008766b65315c64be
85.25.185.148,AVAILABILITY,domains.list,domains.list,2024-07-10 10:32:16.571135,9c6addf008766b65315c64be
85.25.226.239,AVAILABILITY,domains.list,domains.list,2024-07-10 10:32:16.904081,9c6addf008766b65315c64be
87.100.155.125,AVAILABILITY,domains.list,domains.list,2024-07-10 10:32:17.432319,9c6addf008766b65315c64be
87.27.150.229,AVAILABILITY,domains.list,domains.list,2024-07-10 10:32:17.890920,9c6addf008766b65315c64be
87.98.182.87,AVAILABILITY,domains.list,domains.list,2024-07-10 10:32:18.192708,9c6addf008766b65315c64be
88.147.114.176,AVAILABILITY,domains.list,domains.list,2024-07-10 10:32:18.853581,9c6addf008766b65315c64be
88.198.53.87,AVAILABILITY,domains.list,domains.list,2024-07-10 10:32:19.070614,9c6addf008766b65315c64be
88.198.58.231,AVAILABILITY,domains.list,domains.list,2024-07-10 10:32:19.493658,9c6addf008766b65315c64be
88.250.183.88,AVAILABILITY,domains.list,domains.list,2024-07-10 10:32:19.793879,9c6addf008766b65315c64be
88.99.15.65,AVAILABILITY,domains.list,domains.list,2024-07-10 10:32:20.318668,9c6addf008766b65315c64be
88.99.36.209,AVAILABILITY,domains.list,domains.list,2024-07-10 10:32:20.647150,9c6addf008766b65315c64be
89.248.172.196,AVAILABILITY,domains.list,domains.list,2024-07-10 10:32:21.069551,9c6addf008766b65315c64be
89.248.174.141,AVAILABILITY,domains.list,domains.list,2024-07-10 10:32:21.282348,9c6addf008766b65315c64be
89.36.212.55,AVAILABILITY,domains.list,domains.list,2024-07-10 10:32:21.725344,9c6addf008766b65315c64be
89.38.145.132,AVAILABILITY,domains.list,domains.list,2024-07-10 10:32:22.329405,9c6addf008766b65315c64be
89.64.39.8,AVAILABILITY,domains.list,domains.list,2024-07-10 10:32:22.559275,9c6addf008766b65315c64be
89.98.16.237,AVAILABILITY,domains.list,domains.list,2024-07-10 10:32:23.050289,9c6addf008766b65315c64be
89.98.77.27,AVAILABILITY,domains.list,domains.list,2024-07-10 10:32:23.454755,9c6addf008766b65315c64be
91.121.159.6,AVAILABILITY,domains.list,domains.list,2024-07-10 10:32:23.660369,9c6addf008766b65315c64be
91.121.164.131,AVAILABILITY,domains.list,domains.list,2024-07-10 10:32:23.960232,9c6addf008766b65315c64be
91.121.165.211,AVAILABILITY,domains.list,domains.list,2024-07-10 10:32:24.168260,9c6addf008766b65315c64be
91.121.168.118,AVAILABILITY,domains.list,domains.list,2024-07-10 10:32:24.378174,9c6addf008766b65315c64be
91.121.177.192,AVAILABILITY,domains.list,domains.list,2024-07-10 10:32:24.586391,9c6addf008766b65315c64be
91.121.181.73,AVAILABILITY,domains.list,domains.list,2024-07-10 10:32:24.794048,9c6addf008766b65315c64be
91.121.221.195,AVAILABILITY,domains.list,domains.list,2024-07-10 10:32:25.003540,9c6addf008766b65315c64be
91.121.48.148,AVAILABILITY,domains.list,domains.list,2024-07-10 10:32:25.620871,9c6addf008766b65315c64be
91.121.51.237,AVAILABILITY,domains.list,domains.list,2024-07-10 10:32:25.823526,9c6addf008766b65315c64be
91.121.81.12,AVAILABILITY,domains.list,domains.list,2024-07-10 10:32:26.029035,9c6addf008766b65315c64be
91.121.81.93,AVAILABILITY,domains.list,domains.list,2024-07-10 10:32:26.232126,9c6addf008766b65315c64be
91.121.90.133,AVAILABILITY,domains.list,domains.list,2024-07-10 10:32:26.441684,9c6addf008766b65315c64be
91.134.140.32,AVAILABILITY,domains.list,domains.list,2024-07-10 10:32:26.648462,9c6addf008766b65315c64be
91.134.170.118,AVAILABILITY,domains.list,domains.list,2024-07-10 10:32:26.957981,9c6addf008766b65315c64be
91.134.180.89,AVAILABILITY,domains.list,domains.list,2024-07-10 10:32:27.286348,9c6addf008766b65315c64be
91.134.216.18,AVAILABILITY,domains.list,domains.list,2024-07-10 10:32:27.492974,9c6addf008766b65315c64be
91.134.217.10,AVAILABILITY,domains.list,domains.list,2024-07-10 10:32:27.694345,9c6addf008766b65315c64be
91.134.243.57,AVAILABILITY,domains.list,domains.list,2024-07-10 10:32:28.002865,9c6addf008766b65315c64be
91.144.209.189,AVAILABILITY,domains.list,domains.list,2024-07-10 10:32:28.215959,9c6addf008766b65315c64be
91.197.232.108,AVAILABILITY,domains.list,domains.list,2024-07-10 10:32:28.525540,9c6addf008766b65315c64be
92.118.38.83,AVAILABILITY,domains.list,domains.list,2024-07-10 10:32:29.035105,9c6addf008766b65315c64be
92.222.181.237,AVAILABILITY,domains.list,domains.list,2024-07-10 10:32:29.440143,9c6addf008766b65315c64be
92.222.204.13,AVAILABILITY,domains.list,domains.list,2024-07-10 10:32:29.643376,9c6addf008766b65315c64be
92.222.25.28,AVAILABILITY,domains.list,domains.list,2024-07-10 10:32:29.955034,9c6addf008766b65315c64be
92.222.69.186,AVAILABILITY,domains.list,domains.list,2024-07-10 10:32:30.432694,9c6addf008766b65315c64be
92.222.71.189,AVAILABILITY,domains.list,domains.list,2024-07-10 10:32:30.689014,9c6addf008766b65315c64be
92.222.80.59,AVAILABILITY,domains.list,domains.list,2024-07-10 10:32:30.891081,9c6addf008766b65315c64be
92.222.81.62,AVAILABILITY,domains.list,domains.list,2024-07-10 10:32:31.147076,9c6addf008766b65315c64be
92.243.16.153,AVAILABILITY,domains.list,domains.list,2024-07-10 10:32:31.474118,9c6addf008766b65315c64be
92.243.9.132,AVAILABILITY,domains.list,domains.list,2024-07-10 10:32:31.875951,9c6addf008766b65315c64be
92.65.60.191,AVAILABILITY,domains.list,domains.list,2024-07-10 10:32:32.398824,9c6addf008766b65315c64be
93.186.253.67,AVAILABILITY,domains.list,domains.list,2024-07-10 10:32:32.837172,9c6addf008766b65315c64be
93.190.93.37,AVAILABILITY,domains.list,domains.list,2024-07-10 10:32:33.275818,9c6addf008766b65315c64be
93.190.93.83,AVAILABILITY,domains.list,domains.list,2024-07-10 10:32:33.486301,9c6addf008766b65315c64be
93.28.250.152,AVAILABILITY,domains.list,domains.list,2024-07-10 10:32:34.012712,9c6addf008766b65315c64be
94.102.49.122,AVAILABILITY,domains.list,domains.list,2024-07-10 10:32:34.248649,9c6addf008766b65315c64be
94.102.57.141,AVAILABILITY,domains.list,domains.list,2024-07-10 10:32:34.690522,9c6addf008766b65315c64be
94.102.60.142,AVAILABILITY,domains.list,domains.list,2024-07-10 10:32:34.913999,9c6addf008766b65315c64be
94.130.36.32,AVAILABILITY,domains.list,domains.list,2024-07-10 10:32:35.127697,9c6addf008766b65315c64be
94.177.232.48,AVAILABILITY,domains.list,domains.list,2024-07-10 10:32:36.062049,9c6addf008766b65315c64be
94.177.238.122,AVAILABILITY,domains.list,domains.list,2024-07-10 10:32:36.492153,9c6addf008766b65315c64be
94.177.238.240,AVAILABILITY,domains.list,domains.list,2024-07-10 10:32:36.712392,9c6addf008766b65315c64be
94.23.162.166,AVAILABILITY,domains.list,domains.list,2024-07-10 10:32:37.137067,9c6addf008766b65315c64be
94.23.171.183,AVAILABILITY,domains.list,domains.list,2024-07-10 10:32:37.339755,9c6addf008766b65315c64be
94.23.212.137,AVAILABILITY,domains.list,domains.list,2024-07-10 10:32:37.674228,9c6addf008766b65315c64be
94.23.247.16,AVAILABILITY,domains.list,domains.list,2024-07-10 10:32:38.004139,9c6addf008766b65315c64be
94.23.254.103,AVAILABILITY,domains.list,domains.list,2024-07-10 10:32:38.341220,9c6addf008766b65315c64be
94.23.63.213,AVAILABILITY,domains.list,domains.list,2024-07-10 10:32:38.660012,9c6addf008766b65315c64be
94.46.73.155,AVAILABILITY,domains.list,domains.list,2024-07-10 10:32:39.421042,9c6addf008766b65315c64be
94.46.89.81,AVAILABILITY,domains.list,domains.list,2024-07-10 10:32:39.904551,9c6addf008766b65315c64be
94.66.238.63,AVAILABILITY,domains.list,domains.list,2024-07-10 10:32:40.411813,9c6addf008766b65315c64be
95.110.169.233,AVAILABILITY,domains.list,domains.list,2024-07-10 10:32:40.937412,9c6addf008766b65315c64be
95.111.250.224,AVAILABILITY,domains.list,domains.list,2024-07-10 10:32:41.565455,9c6addf008766b65315c64be
95.111.253.253,AVAILABILITY,domains.list,domains.list,2024-07-10 10:32:41.780502,9c6addf008766b65315c64be
95.140.34.92,AVAILABILITY,domains.list,domains.list,2024-07-10 10:32:42.000978,9c6addf008766b65315c64be
95.142.161.185,AVAILABILITY,domains.list,domains.list,2024-07-10 10:32:42.406562,9c6addf008766b65315c64be
96.4.178.4,AVAILABILITY,domains.list,domains.list,2024-07-10 10:32:43.053495,9c6addf008766b65315c64be
96.75.59.189,AVAILABILITY,domains.list,domains.list,2024-07-10 10:32:43.161971,9c6addf008766b65315c64be
98.143.148.135,AVAILABILITY,domains.list,domains.list,2024-07-10 10:32:43.287015,9c6addf008766b65315c64be
115.238.245.4,AVAILABILITY,domains.list,domains.list,2024-07-10 10:33:00.679527,9c6addf008766b65315c64be
116.105.216.179,AVAILABILITY,domains.list,domains.list,2024-07-10 10:33:21.856607,9c6addf008766b65315c64be
116.110.220.28,AVAILABILITY,domains.list,domains.list,2024-07-10 10:33:42.707727,9c6addf008766b65315c64be
116.110.220.34,AVAILABILITY,domains.list,domains.list,2024-07-10 10:34:03.517914,9c6addf008766b65315c64be
116.110.80.6,AVAILABILITY,domains.list,domains.list,2024-07-10 10:34:24.351386,9c6addf008766b65315c64be
116.110.95.195,AVAILABILITY,domains.list,domains.list,2024-07-10 10:34:45.361163,9c6addf008766b65315c64be
116.31.116.15,AVAILABILITY,domains.list,domains.list,2024-07-10 10:35:07.338223,9c6addf008766b65315c64be
116.31.116.24,AVAILABILITY,domains.list,domains.list,2024-07-10 10:35:28.938430,9c6addf008766b65315c64be
116.31.116.25,AVAILABILITY,domains.list,domains.list,2024-07-10 10:35:49.301848,9c6addf008766b65315c64be
116.31.116.26,AVAILABILITY,domains.list,domains.list,2024-07-10 10:36:14.379627,9c6addf008766b65315c64be
116.31.116.35,AVAILABILITY,domains.list,domains.list,2024-07-10 10:36:35.050362,9c6addf008766b65315c64be
117.0.35.153,AVAILABILITY,domains.list,domains.list,2024-07-10 10:36:56.220545,9c6addf008766b65315c64be
117.156.94.32,AVAILABILITY,domains.list,domains.list,2024-07-10 10:37:20.461907,9c6addf008766b65315c64be
118.187.4.130,AVAILABILITY,domains.list,domains.list,2024-07-10 10:37:59.022499,9c6addf008766b65315c64be
118.187.6.111,AVAILABILITY,domains.list,domains.list,2024-07-10 10:38:34.164554,9c6addf008766b65315c64be
118.187.7.37,AVAILABILITY,domains.list,domains.list,2024-07-10 10:38:59.554253,9c6addf008766b65315c64be
118.190.111.5,AVAILABILITY,domains.list,domains.list,2024-07-10 10:39:20.262556,9c6addf008766b65315c64be
118.193.207.162,AVAILABILITY,domains.list,domains.list,2024-07-10 10:39:41.358356,9c6addf008766b65315c64be
118.23.153.177,AVAILABILITY,domains.list,domains.list,2024-07-10 10:40:01.896364,9c6addf008766b65315c64be
118.24.138.68,AVAILABILITY,domains.list,domains.list,2024-07-10 10:40:22.519032,9c6addf008766b65315c64be
118.24.33.147,AVAILABILITY,domains.list,domains.list,2024-07-10 10:40:44.893221,9c6addf008766b65315c64be
118.24.72.96,AVAILABILITY,domains.list,domains.list,2024-07-10 10:46:09.156885,9c6addf008766b65315c64be
118.24.78.87,AVAILABILITY,domains.list,domains.list,2024-07-10 10:46:29.596616,9c6addf008766b65315c64be
118.244.238.4,AVAILABILITY,domains.list,domains.list,2024-07-10 10:46:50.347796,9c6addf008766b65315c64be
118.31.39.88,AVAILABILITY,domains.list,domains.list,2024-07-10 10:47:10.884608,9c6addf008766b65315c64be
119.123.58.118,AVAILABILITY,domains.list,domains.list,2024-07-10 10:47:31.058359,9c6addf008766b65315c64be
119.138.43.148,AVAILABILITY,domains.list,domains.list,2024-07-10 10:47:51.395041,9c6addf008766b65315c64be
119.144.202.220,AVAILABILITY,domains.list,domains.list,2024-07-10 10:48:11.618195,9c6addf008766b65315c64be
119.144.202.54,AVAILABILITY,domains.list,domains.list,2024-07-10 10:48:31.815867,9c6addf008766b65315c64be
119.149.145.80,AVAILABILITY,domains.list,domains.list,2024-07-10 10:48:52.523000,9c6addf008766b65315c64be
119.235.21.178,AVAILABILITY,domains.list,domains.list,2024-07-10 10:49:13.636469,9c6addf008766b65315c64be
119.249.54.217,AVAILABILITY,domains.list,domains.list,2024-07-10 10:49:38.239662,9c6addf008766b65315c64be
119.27.189.149,AVAILABILITY,domains.list,domains.list,2024-07-10 10:49:58.942229,9c6addf008766b65315c64be
119.29.14.115,AVAILABILITY,domains.list,domains.list,2024-07-10 10:50:20.903554,9c6addf008766b65315c64be
119.57.251.164,AVAILABILITY,domains.list,domains.list,2024-07-10 10:50:56.042668,9c6addf008766b65315c64be
119.60.9.7,AVAILABILITY,domains.list,domains.list,2024-07-10 10:51:16.197406,9c6addf008766b65315c64be
121.181.127.115,AVAILABILITY,domains.list,domains.list,2024-07-10 10:51:37.157053,9c6addf008766b65315c64be
121.43.189.252,AVAILABILITY,domains.list,domains.list,2024-07-10 10:51:57.574306,9c6addf008766b65315c64be
122.226.181.164,AVAILABILITY,domains.list,domains.list,2024-07-10 10:52:18.272220,9c6addf008766b65315c64be
122.226.181.165,AVAILABILITY,domains.list,domains.list,2024-07-10 10:52:38.606789,9c6addf008766b65315c64be
122.226.181.166,AVAILABILITY,domains.list,domains.list,2024-07-10 10:53:03.760151,9c6addf008766b65315c64be
122.226.181.167,AVAILABILITY,domains.list,domains.list,2024-07-10 10:53:24.652399,9c6addf008766b65315c64be
122.51.207.130,AVAILABILITY,domains.list,domains.list,2024-07-10 10:53:45.145441,9c6addf008766b65315c64be
123.113.125.188,AVAILABILITY,domains.list,domains.list,2024-07-10 10:54:05.711468,9c6addf008766b65315c64be
123.207.39.209,AVAILABILITY,domains.list,domains.list,2024-07-10 10:54:26.475642,9c6addf008766b65315c64be
124.128.225.190,AVAILABILITY,domains.list,domains.list,2024-07-10 10:54:47.886542,9c6addf008766b65315c64be
124.158.5.112,AVAILABILITY,domains.list,domains.list,2024-07-10 10:55:08.632519,9c6addf008766b65315c64be
125.120.205.138,AVAILABILITY,domains.list,domains.list,2024-07-10 10:55:29.461088,9c6addf008766b65315c64be
125.134.251.45,AVAILABILITY,domains.list,domains.list,2024-07-10 10:55:50.323185,9c6addf008766b65315c64be
125.138.211.245,AVAILABILITY,domains.list,domains.list,2024-07-10 10:56:11.218305,9c6addf008766b65315c64be
128.0.116.86,AVAILABILITY,domains.list,domains.list,2024-07-10 10:56:31.402707,9c6addf008766b65315c64be
128.0.117.36,AVAILABILITY,domains.list,domains.list,2024-07-10 10:56:51.547725,9c6addf008766b65315c64be
128.1.163.61,AVAILABILITY,domains.list,domains.list,2024-07-10 10:57:11.948724,9c6addf008766b65315c64be
128.77.34.95,AVAILABILITY,domains.list,domains.list,2024-07-10 10:57:32.142573,9c6addf008766b65315c64be
129.213.158.239,AVAILABILITY,domains.list,domains.list,2024-07-10 10:57:52.668492,9c6addf008766b65315c64be
129.226.132.176,AVAILABILITY,domains.list,domains.list,2024-07-10 10:58:12.956793,9c6addf008766b65315c64be
13.67.90.28,AVAILABILITY,domains.list,domains.list,2024-07-10 10:58:33.113425,9c6addf008766b65315c64be
13.78.103.72,AVAILABILITY,domains.list,domains.list,2024-07-10 10:58:53.251538,9c6addf008766b65315c64be
